idx,done,ep_length,n_track,n_recover,n_search,off_plume_fraction,turn_score,speed_score,num_exits,max_exit_duration,max_stray_distance,max_odor_lastenc,avg_stray_distance,avg_odor_lastenc,median_stray_distance,median_odor_lastenc,agent_angle_ground_median,radius_final,radius_covered,end_x,end_y,start_x,start_y,reward
0,OOT,299,55,38,206,0.8996655518394648,0.29673374,0.23889573,6,167,1.6391643159648395,167,0.5412940762845794,59.88628762541806,0.4394496569735685,53.0,0.42570292204618476,7.815526238345361,-3.806764823900033,7.701974621772569,1.3274175333466403,4.0,-0.264892578125,-0.24415824965334101
1,OOB,138,2,25,111,0.9782608695652174,0.38507915,0.25757957,1,135,2.0218688325876046,135,1.240327563108029,66.52173913043478,1.3426497847739385,66.5,0.3815798815339804,6.65275586854888,-2.6511434590167227,6.524491958995279,-1.3000635844132802,4.0,-0.11358642578125,-35.8301480684164
2,OOB,140,5,25,110,0.9571428571428572,0.396287,0.27420682,1,134,2.0840588882846247,134,1.2158706688606318,64.60714285714286,1.3499857941859164,64.5,0.35044047981500615,6.526650465703559,-2.526472622435594,6.4025811690846535,-1.2665388563921265,4.0,0.0377197265625,-35.167392132980886
3,HOME,97,85,12,0,0.26804123711340205,0.3390708,0.99901354,9,8,0.27228960303869737,8,0.08857941928912344,0.6907216494845361,0.07552875558570626,0.0,0.32022085785865784,0.18987703515952406,3.814586821949974,0.18370893758231066,0.0480032783604394,4.0,0.18902587890625,100.83333333333333
4,OOB,100,57,37,6,0.7,0.2301031,0.96723866,4,31,2.057801972783297,30,0.4122228076748359,8.11,0.14383294487930254,5.0,0.2739657610654833,3.9582745071168888,0.05617762131791837,3.4987018920296022,-1.8512217977324945,4.0,0.34033203125,-22.16914551982164
5,OOB,97,8,25,64,0.9896907216494846,0.42638606,0.39436096,2,89,2.0800456933272646,88,1.1088103778145593,40.65979381443299,1.2185832679294244,40.0,0.3111715279519556,5.797594039935539,-1.78883262549021,5.5147440823102905,-1.7887689505689985,4.0,-0.264892578125,-31.39787378209507
6,OOB,105,33,38,34,0.780952380952381,0.19117878,0.94107014,2,51,2.080435415466156,51,0.7158825500201756,17.35238095238095,0.6208776171520094,15.0,0.22092378139495866,3.701181054352495,0.30043135517966224,3.246207560508464,-1.7778857306349962,4.0,-0.11358642578125,-20.953087434799443
7,HOME,96,84,12,0,0.3333333333333333,0.2336992,0.97692615,10,9,0.3219455417464645,9,0.08827397910995653,0.9791666666666666,0.06980905916473926,0.0,0.32767084054648865,0.19707140837188028,3.8031064348960855,0.0494935179758189,0.19075516159740918,4.0,0.0377197265625,100.83333333333333
8,OOB,112,17,25,70,0.9375,0.3826857,0.42421302,3,94,2.006288036432487,94,1.0620083780563159,40.36607142857143,1.2515616976809745,38.5,0.3050413057208059,5.149372483912871,-1.1449086268033728,4.885163320589274,-1.6282556031680628,4.0,0.18902587890625,-28.071507038833918
9,OOB,194,93,25,76,0.7268041237113402,0.33885664,0.6365635,10,101,2.005817939124096,100,0.7731839313877226,26.814432989690722,0.21470498264743612,8.0,0.32460042275488377,2.144965174082648,1.8694869543521593,1.8743326620665604,-1.0429538196573633,4.0,0.34033203125,-13.003386755291311
10,OOB,136,10,25,101,0.9852941176470589,0.40481108,0.26406738,2,126,2.03035880621686,125,1.1072788029450593,58.169117647058826,1.1080303646546463,57.5,0.3163660075515508,5.908587524511848,-1.8998261100665195,5.780169595525328,-1.2251718172491626,4.0,-0.264892578125,-31.80383060300206
11,OOB,146,14,25,107,0.9452054794520548,0.39953932,0.33772734,2,131,2.0324269300695046,131,1.0215785666067831,59.41095890410959,0.9821210514046578,58.5,0.3013578727841377,5.710576753614123,-1.7089643440819655,5.591537420066547,-1.1599121255136373,4.0,-0.11358642578125,-30.940085857805194
12,OOB,161,28,35,98,0.9006211180124224,0.3918037,0.40026894,3,122,2.0176086602274035,122,1.0470643965207553,48.05590062111801,1.0808421255930958,42.0,0.2743537873029706,4.727671942977854,-0.7274940997098884,4.63385358729306,-0.9371675047456779,4.0,0.0377197265625,-25.938112882284265
13,OOB,140,89,31,20,0.5142857142857142,0.2802683,0.93059474,7,44,2.025367875638123,44,0.36816809172582055,8.32857142857143,0.10615203508640117,1.0,0.31539352983236313,2.0839517784266204,1.920512078682878,1.511822326294434,-1.4343110780180013,4.0,0.18902587890625,-12.891693582540116
14,OOB,160,15,30,115,0.975,0.39466777,0.25863692,2,140,2.0248257402852583,139,1.040380828767422,61.6625,1.1177178219566781,59.5,0.3205004613846541,6.278276735894147,-2.26382460745934,6.211173569922713,-0.9154679987652268,4.0,0.34033203125,-33.67581342378957
15,OOB,251,89,38,124,0.7569721115537849,0.33091038,0.5975203,6,135,2.007209640514062,134,0.8323210882662702,39.211155378486055,0.7366919412553959,24.0,0.3501065857708455,2.428437474780399,1.5803239396649293,2.348838689537322,-0.6166566138868521,4.0,-0.264892578125,-14.41713870803856
16,OOB,79,7,25,47,0.8987341772151899,0.059621472,0.9618929,1,71,2.01179019797355,71,1.0225586153403265,32.35443037974684,1.0180365504962428,32.0,0.9309979192912576,2.302404889428869,1.6992075201032883,-0.037460540054969044,2.302100124409178,4.0,-0.11358642578125,-27.386831090344167
17,OOB,196,27,38,131,0.9183673469387755,0.37892693,0.36858484,3,149,2.035978259884246,149,0.8726184016290727,59.392857142857146,0.7973559560760537,51.5,0.33326921425759815,5.066769052600629,-1.066591209332663,5.051849507717427,-0.3885423834881555,4.0,0.0377197265625,-27.569823522887386
18,OOB,224,28,38,158,0.9330357142857143,0.38133833,0.34941515,4,173,2.0711118094811574,173,0.858215303546942,69.71428571428571,0.7400132925252285,61.5,0.3683023210614919,5.462981030548286,-1.4585171734387874,5.461937809920158,-0.10675720441727661,4.0,0.18902587890625,-29.646259656904583
19,OOB,160,17,32,111,0.9625,0.40597725,0.31492573,2,136,2.034488151774122,135,0.9469418190485784,58.44375,0.9065744056170371,55.5,0.3057819064706563,5.530904672450876,-1.5164525440160688,5.449918218041017,-0.9430259341097439,4.0,0.34033203125,-29.8890115140285
20,OOB,57,0,25,32,1.0,0.14478582,0.89152896,1,57,2.030853792242945,56,0.7865941748592604,28.0,0.5471466549479747,28.0,0.10673304647207249,3.2219400305734345,0.786821383871894,2.3165077898216566,-2.239350178133632,4.0,-0.264892578125,-18.340553945110116
21,OOB,167,64,28,75,0.8023952095808383,0.28691578,0.7166972,8,99,2.009684368871205,99,0.8967551844655905,30.59880239520958,0.5495652028704027,16.0,0.22086193412542365,2.0395099079407317,1.9621025015914255,1.1692153780000092,-1.6710882874452524,4.0,-0.11358642578125,-12.509793313952299
22,OOB,84,5,25,54,0.9285714285714286,0.05873533,0.9662368,1,78,2.0216107263250374,78,0.8998715982701397,36.67857142857143,0.8002336586155675,36.5,0.9495927151292564,2.267849371801397,1.7323284714665688,-0.5746457761353895,2.1938375065509628,4.0,0.0377197265625,-27.19568097251942
23,OOB,59,1,25,33,0.9661016949152542,0.06547774,0.947229,1,57,2.0835337109812295,57,0.7216787956566112,28.016949152542374,0.48640457699678574,28.0,0.9093475863337518,2.762772217306043,1.2416916398034554,1.5469703511260953,2.2890594263703496,4.0,0.18902587890625,-16.38009564535435
24,HOME,108,53,25,30,0.6111111111111112,0.2348451,0.9248333,8,54,1.0753534147773551,54,0.27507535109288056,13.953703703703704,0.12589499240829827,3.0,0.35467018559575075,0.18639652709151677,3.8280556013432903,0.1543817267243984,0.10445069538002953,4.0,0.34033203125,100.83333333333333
25,OOB,89,0,25,64,1.0,0.3426769,0.44074726,1,89,2.0950167648844324,88,1.2514146310208205,44.0,1.459065708344814,44.0,0.21040283143520372,4.2480132640751265,-0.23925184962979795,3.814846009943016,-1.8688409809772644,4.0,-0.264892578125,-23.591069610195184
26,OOB,228,31,38,159,0.9122807017543859,0.34998655,0.42502618,3,158,2.0233900061385723,158,0.8338999460254966,60.469298245614034,0.7552193641984017,47.0,0.3679414875805378,4.245245761985643,-0.24363335245348594,4.245009297142504,0.04480677215303698,4.0,-0.11358642578125,-23.518504508372693
27,OOB,283,47,51,185,0.9187279151943463,0.3126256,0.5728836,6,151,2.0033403774041045,151,0.9979272264850324,52.23321554770318,1.090013663824638,42.0,0.35060077160596836,3.116877477083742,0.8833003661842236,3.116849625875712,0.013176373945350716,4.0,0.0377197265625,-17.787727762822815
28,OOB,217,26,38,153,0.9493087557603687,0.33372954,0.47817853,3,141,2.013534323472561,141,0.8510156544482542,54.63594470046083,0.8124698303393215,47.0,0.3436129949986932,3.801612913532987,0.20285094357651134,3.8006089573921655,-0.08736302038735712,4.0,0.18902587890625,-21.221598891137496
29,OOB,161,33,38,90,0.9130434782608695,0.21131685,0.92015463,5,73,2.02261134756525,72,0.7838749190587503,30.198757763975156,0.86944224517057,29.0,0.30882919207215337,2.096612412978238,1.917839715456569,1.1077366546411405,-1.7800851424072066,4.0,0.34033203125,-13.015303364067973
30,OOB,94,0,25,69,1.0,0.3922809,0.39665917,1,94,2.0199266423150624,93,1.2930784910722641,46.5,1.4128544740065707,46.5,0.2301818951964379,4.583051680607564,-0.5742902661622358,4.210122304165306,-1.8108652327242982,4.0,-0.264892578125,-25.207876128346506
31,OOB,102,0,25,77,0.9901960784313726,0.3953436,0.43701404,1,101,2.1115526576167447,101,1.2654083575199988,50.5,1.4588455763441184,50.5,0.21892775781452672,4.135935687666156,-0.1343232781339987,3.7612435647934515,-1.720177566069958,4.0,-0.11358642578125,-23.01487460006589
32,HOME,133,70,25,38,0.5864661654135338,0.23633175,0.9580576,5,62,1.5540382669690043,62,0.40082164845857793,15.12781954887218,0.18180987064343068,4.0,0.7983315326273441,0.14915485391636724,3.8510229893515984,-0.059724909265957166,0.1366751830435432,4.0,0.0377197265625,100.83333333333333
33,OOB,133,31,38,64,0.849624060150376,0.23688044,0.88709027,3,56,2.1159018847278768,56,0.839617993950696,24.007518796992482,0.7462209229239525,23.0,0.2825151532888411,2.064180792563946,1.9402830645455524,1.1776334197462794,-1.6952940373535808,4.0,0.18902587890625,-12.955187145093175
34,OOB,219,71,38,110,0.7990867579908676,0.32295585,0.6464674,7,117,2.0061853028173315,116,0.8778523331720103,35.342465753424655,0.7834908403388798,25.0,0.28613970056176163,2.102521375705867,1.91193075272894,1.6541071710690198,-1.2978927543977339,4.0,0.34033203125,-12.852266562012279
35,OOB,113,0,25,88,1.0,0.41107112,0.330081,1,113,2.0160970513937366,112,1.353572054065637,56.0,1.357622590905736,56.0,0.258037433028221,5.068540563051249,-1.0597791486059203,4.786235036061137,-1.6679501248169024,4.0,-0.264892578125,-27.598836706792753
36,OOB,166,2,25,139,0.9819277108433735,0.41473472,0.2700163,1,163,2.0266980143157727,163,1.0161407807934504,80.51807228915662,0.985867134502098,80.5,0.298502378165722,5.39560513519261,-1.3939927256604525,5.322337462457151,-0.8861595288897137,4.0,-0.11358642578125,-29.251499818623596
37,OOB,230,85,38,107,0.7652173913043478,0.3362768,0.6599566,8,118,2.029929380093492,118,0.8583815901732601,33.9,0.7901223260086502,20.5,0.30812801420688635,2.211186768686412,1.7889910745815536,1.9477203241587637,-1.0467724035685768,4.0,0.0377197265625,-13.360396964979392
38,OOB,129,69,48,12,0.6511627906976745,0.29794738,0.8946717,6,30,2.054091853744527,30,0.4211511896791512,9.023255813953488,0.19300687988111184,6.0,0.35086766257882085,2.5628313421085047,1.4416325150009937,2.156208922934445,-1.385231954855056,4.0,0.18902587890625,-15.090992547843364
39,OOB,207,63,49,95,0.8164251207729468,0.33917993,0.57428735,6,109,2.0352829599554294,108,0.8236979456694198,32.71497584541063,0.6742060483895878,21.0,0.3588773012161255,2.723348647920821,1.291103480513986,2.703411395582504,-0.32892960396842047,4.0,0.34033203125,-15.929840448995469
40,OOB,112,0,25,87,1.0,0.40919927,0.3002197,1,112,2.0417187877448058,111,1.189933880988757,55.5,1.2441950132036488,55.5,0.26954519003629696,5.212372824007037,-1.1916475916871159,5.054245462020065,-1.2741402066086285,4.0,-0.40771484375,-28.42362152516432
41,OOB,114,0,25,89,0.9912280701754386,0.4072052,0.31934768,1,113,2.013613363803999,113,1.2464260145867874,56.5,1.3526823187484114,56.5,0.2924234159290793,5.295978764496878,-1.289446210115469,5.135423998540752,-1.2941450572534754,4.0,-0.22869873046875,-28.732330684185907
42,OOB,167,3,25,139,0.9760479041916168,0.41144046,0.25486833,1,163,2.011005392163473,163,1.0297802174693351,80.03592814371258,1.0500888052833086,80.0,0.30124541744589833,5.841031229330934,-1.8407226959237164,5.809165920663191,-0.6092923175493213,4.0,-0.0496826171875,-31.41616153881814
43,OOB,169,5,25,139,0.9644970414201184,0.403828,0.2725249,1,163,2.00322353475012,163,0.9819757526224802,79.08875739644971,0.9671216621878527,79.0,0.32109469175338706,5.515673154334333,-1.513582806377177,5.5032367785303835,-0.3701827992694746,4.0,0.12933349609375,-29.880184078076898
44,OOB,99,35,38,26,0.8080808080808081,0.24029338,0.9215428,4,47,2.000459139872548,47,0.49080870522189046,15.323232323232324,0.3338788075830889,13.0,0.3638843968510628,2.86803227593743,1.1438350550696303,2.499107066720618,-1.407150668864534,4.0,0.308349609375,-16.79436795147963
45,OOB,125,0,25,100,1.0,0.41360945,0.25627938,1,125,2.003202025914638,124,1.0921264806234883,62.0,1.125994742323408,62.0,0.3203656002879145,5.501795220917197,-1.4810699885972758,5.397833522572001,-1.0644923275934184,4.0,-0.40771484375,-29.811709836755703
46,OOB,126,9,25,92,0.9206349206349206,0.40273556,0.32983696,1,116,2.025481441769478,116,1.124257209481709,53.857142857142854,1.1928174300483096,53.5,0.28846429474651814,5.476574011155448,-1.4700414567740392,5.356807737010092,-1.1390670605245747,4.0,-0.22869873046875,-29.689392425188707
47,OOB,100,43,38,19,0.67,0.22580217,0.93130445,2,37,2.0003838717122577,37,0.5169279341253413,11.68,0.3618293215598765,9.0,0.3177993148565291,3.6459021870912505,0.354406346315967,3.3623605462819905,-1.4096575167901728,4.0,-0.0496826171875,-20.429894807168512
48,OOB,124,42,38,44,0.782258064516129,0.33635587,0.68749017,3,61,2.034953610513939,61,0.8066422067221662,19.370967741935484,0.5035628852334254,15.5,0.3646507691591976,5.157599340258558,-1.1555089923014012,5.024073038735033,-1.165985015380232,4.0,0.12933349609375,-28.12868139131055
49,OOB,205,77,32,96,0.8146341463414634,0.32951194,0.6098762,12,121,2.041886968143144,120,0.8889842528750992,36.75609756097561,0.9163329051284812,18.0,0.30124496668577194,2.17242067926068,1.8394466517463806,1.8424743133814145,-1.1509561295762407,4.0,0.308349609375,-13.205856841985817
50,OOB,127,0,25,102,1.0,0.42161828,0.23969476,1,127,2.034482140052545,126,1.004703841743997,63.0,1.0724268579344731,63.0,0.31287745386362065,5.521407652957487,-1.500682420637566,5.440544088666743,-0.9415001271433072,4.0,-0.40771484375,-29.9149388200948
51,OOB,161,46,26,89,0.8074534161490683,0.39885858,0.39785922,4,114,2.050017632985694,113,0.8403520761645489,40.52795031055901,0.7827666362413047,33.0,0.3289842531085015,5.509266990450038,-1.5027344360686286,5.481400010470911,-0.5534227111999586,4.0,-0.22869873046875,-29.819235400090395
52,OOB,146,49,36,61,0.7808219178082192,0.37719274,0.54572225,5,85,2.001537770592296,85,0.8715720622967725,26.863013698630137,0.6823159673886062,17.5,0.36378669925034013,5.202168252547348,-1.2018597191401303,5.146817394895737,-0.7568521859717284,4.0,-0.0496826171875,-28.3630697167286
53,HOME,100,82,18,0,0.4,0.250305,0.9106897,9,17,0.445131122495589,17,0.11688124084054818,2.18,0.081691577534551,0.0,0.2844484578818081,0.19368262548110335,3.808407722476053,0.19332940597785855,-0.011691885968555141,4.0,0.12933349609375,100.83333333333333
54,OOB,211,84,27,100,0.7630331753554502,0.33868232,0.5792098,8,125,2.0067041818296234,124,0.8653029904446005,37.51184834123223,0.8318701135196871,19.0,0.3042901083827022,2.218794571947519,1.7930727590595414,1.987273871434095,-0.986808954367115,4.0,0.308349609375,-13.3727244740019
55,OOB,152,0,25,127,1.0,0.4155375,0.21841963,1,152,2.045695885061818,151,1.0508696118943435,75.5,1.0279786167967304,75.5,0.32952014170587046,5.829776085008047,-1.8090508526881255,5.788281891233271,-0.6943212145345478,4.0,-0.40771484375,-31.496914449684695
56,OOB,167,74,38,55,0.7125748502994012,0.16538623,0.9554632,8,60,2.0238578235853395,60,0.6153763661237159,16.934131736526947,0.407328164261196,10.0,0.47793047502636915,2.130244051921474,1.8762885024599352,-1.4184853299036955,1.5892888628549637,4.0,-0.22869873046875,-25.84922439310634
57,OOB,78,27,38,13,0.8076923076923077,0.2665914,0.90190655,3,33,2.0707786083722306,33,0.6037734856239244,12.435897435897436,0.4569080018114453,11.5,0.2623638994991778,3.8211267603106225,0.179181773096595,3.376964282401671,-1.788049762659116,4.0,-0.0496826171875,-21.654311343963304
58,OOB,172,18,38,116,0.9534883720930233,0.40060052,0.3547113,2,138,2.003278290855093,138,0.8361496668147536,57.80232558139535,0.754297656879984,52.5,0.32151401415467273,5.189445064602792,-1.1873547166456353,5.1788396168529935,-0.3316026258101943,4.0,0.12933349609375,-28.150503613869052
59,OOB,114,63,46,5,0.6842105263157895,0.29260635,0.86301416,4,30,2.046698587647967,29,0.3973830214929787,8.24561403508772,0.21865705583863354,5.5,0.2829362470656631,2.199738326273106,1.8121290047339547,1.8510690253800948,-1.1884410659991482,4.0,0.308349609375,-13.245390219013496
60,OOB,89,40,38,11,0.7415730337078652,0.21438985,0.90367246,3,35,2.009566867670463,34,0.6041904256742858,10.573033707865168,0.40561684932072933,8.0,0.18479789420962356,2.444588648501598,1.576136583818323,1.9529392736755093,-1.4703883343248625,4.0,-0.40771484375,-14.432510110178454
61,OOB,187,33,38,116,0.893048128342246,0.32507667,0.577183,3,109,2.0233506454536094,108,0.8773637675954777,40.026737967914436,0.8928017692738293,36.0,0.376881420612335,3.6195491658659145,0.38698338851549474,3.6178035765511893,-0.11239860147733192,4.0,-0.22869873046875,-20.32109647478318
62,OOB,104,25,38,41,0.8557692307692307,0.24672332,0.83745545,2,51,2.032160909513395,51,0.765862203627304,19.875,0.625196644162746,19.0,0.2969279848039149,2.5637136297278262,1.4365949036793912,2.223185432071306,-1.2767435568187318,4.0,-0.0496826171875,-15.214266848950551
63,OOB,184,24,38,122,0.9293478260869565,0.35390285,0.4804739,3,124,2.084109980285264,124,0.968362473680833,48.0,1.0071480220168259,39.5,0.3416054472327232,4.1888256720768045,-0.1867353241196481,4.181278109455024,-0.25134415139785715,4.0,0.12933349609375,-23.230392228436894
64,OOB,99,22,38,39,0.9090909090909091,0.22975996,0.8213222,3,50,2.083531935489846,49,0.8541740387787586,19.88888888888889,0.7266725480440901,19.0,0.21918541938066466,2.7045225511553737,1.3073447798516868,2.280158315586793,-1.4544140695030316,4.0,0.308349609375,-15.998274901594442
65,OOB,105,0,25,80,1.0,0.38109738,0.36654153,1,105,2.007046454617318,104,1.2785500579116176,52.0,1.34170765382865,52.0,0.21910051256418206,4.127914220659928,-0.10718898834000701,3.9436858448802,-1.2194333807215585,4.0,-0.40771484375,-22.897339573994316
66,OOB,124,35,38,51,0.8387096774193549,0.23241635,0.86014366,4,53,2.0520757669273455,53,0.6925395275299138,20.31451612903226,0.4012062641518081,19.0,0.355223512277007,2.171935258674753,1.834597295706656,1.7560499281901132,-1.27812026725894,4.0,-0.22869873046875,-13.316672533835938
67,OOB,159,23,38,98,0.9182389937106918,0.3505869,0.51237035,2,103,2.013138223297304,103,0.9251092513100898,39.63522012578616,0.9316243224042839,34.0,0.3336283974349496,4.0574477271355995,-0.057139193728382054,4.0234154052537665,-0.5244144689122443,4.0,-0.0496826171875,-22.57244571358141
68,OOB,135,20,38,77,0.9259259259259259,0.33580023,0.60036695,2,79,2.0753490325796435,79,0.9635258988980392,31.414814814814815,0.8627700486580112,29.0,0.29326119273900986,3.497227677096404,0.5048626708607524,3.3652596111325415,-0.9516455091730146,4.0,0.12933349609375,-19.85873315325651
69,OOB,119,32,38,49,0.8907563025210085,0.24784996,0.8262341,4,56,2.0592127730986234,55,0.7545690832542449,20.77310924369748,0.5926867173968449,19.0,0.3332853466272354,2.3804812008493803,1.6313861301576802,2.0822380265508875,-1.1536791358011005,4.0,0.308349609375,-14.161618777345526
70,OOB,83,0,25,58,1.0,0.4081585,0.43026936,1,83,2.0094149551650453,82,1.3879631821392318,41.0,1.506852165660679,41.0,0.2154683731496334,4.324917767360157,-0.3041925350402357,4.001773562920456,-1.6403420513839435,4.0,-0.40771484375,-23.956083323061033
71,OOB,88,0,25,63,0.9886363636363636,0.40590155,0.45729586,1,87,2.0368467940403443,87,1.247267772182611,43.5,1.3712979939542793,43.5,0.22167284600436704,4.10487356123742,-0.09834100685601044,3.8038735349538966,-1.5428976258401996,4.0,-0.22869873046875,-22.86429190389955
72,OOB,251,75,38,138,0.7848605577689243,0.33489725,0.584393,7,147,2.0266966504168007,147,0.9182714004453176,46.57370517928287,1.0171546579628716,31.0,0.3308490738272668,2.4251296608267734,1.575178872580444,2.3274016888703906,-0.681509538058738,4.0,-0.0496826171875,-14.541194559138946
73,OOB,172,61,42,69,0.8488372093023255,0.29718757,0.6917152,7,91,2.020046691664882,91,0.8349343410423963,27.38372093023256,0.5292666301966453,16.0,0.3190373741090301,2.1257312008045264,1.87635914715263,1.8752984252809972,-1.0009939831050259,4.0,0.12933349609375,-12.848702695687514
74,OOB,106,29,38,39,0.8490566037735849,0.27652413,0.83508235,4,45,2.011954285848951,45,0.6903759787891596,18.30188679245283,0.44839161336693295,17.5,0.30409513227641594,2.996505548188216,1.0153617828188444,2.7410599158299953,-1.2106345601182968,4.0,0.308349609375,-17.229614832248544
75,OOB,86,0,25,61,1.0,0.4118892,0.37974548,1,86,2.0548822093473085,85,1.3660395132123533,42.5,1.4474741853094026,42.5,0.26077598333358765,4.858264053248708,-0.8375388209287866,4.565614990621112,-1.6606894256616274,4.0,-0.40771484375,-26.673408235525706
76,OOB,101,0,25,76,0.9900990099009901,0.40673858,0.35008508,1,100,2.017899511744946,100,1.287526704085384,50.0,1.2759766824544398,50.0,0.2339794784784318,4.818958985905313,-0.812426431523904,4.619597542733354,-1.3717449657314282,4.0,-0.22869873046875,-26.354782898755474
77,OOB,151,9,25,117,0.9735099337748344,0.41114765,0.2934454,2,141,2.012266231029907,141,0.9891546745468531,66.43708609271523,0.9192750180963337,66.0,0.28814415633678436,5.0491038673694355,-1.048795333962218,5.009421335929034,-0.6317814041454228,4.0,-0.0496826171875,-27.5177056393138
78,OOB,151,34,38,79,0.8410596026490066,0.37984923,0.4946959,2,103,2.077614162851688,103,0.9142419202648476,37.45695364238411,1.0140970340198403,28.0,0.30960469320416456,4.058087089282915,-0.05599674132575849,3.9984513817618805,-0.693150324165823,4.0,0.12933349609375,-22.682248679649945
79,OOB,137,35,38,64,0.8394160583941606,0.23734339,0.8945678,4,64,2.0187753071704364,63,0.7175022113975664,23.67153284671533,0.6116636444023056,22.0,0.3575007654726504,2.1600937199599595,1.851773611047101,1.7504986043612183,-1.265606382387464,4.0,0.308349609375,-13.424406662751752
80,OOB,113,0,25,88,1.0,0.40549192,0.32163203,1,113,2.052621098225421,112,1.2791295894076558,56.0,1.3006175465500613,56.0,0.27105288952589046,7.143364152020736,-1.1332156065934935,6.946762502584489,-1.6643743993047404,6.0,-0.34912109375,-37.99488570209846
81,OOB,125,2,25,98,0.976,0.41014427,0.31760073,1,122,2.0137907935375203,122,1.1239815262248405,60.024,1.1180601549076756,60.0,0.24811886623501767,7.070415342788283,-1.0680062478217094,6.929648282464546,-1.403833252516877,6.0,-0.1700439453125,-37.61798960468359
82,OOB,144,3,25,116,0.9722222222222222,0.40956905,0.3097015,1,140,2.049089993065969,140,1.1306771084336509,68.54166666666667,1.0866395659672303,68.5,0.28067633882164944,7.217938540478569,-1.2179317405858638,7.111207453177216,-1.236675111742248,6.0,0.009033203125,-38.33878269545882
83,OOB,122,47,38,37,0.7377049180327869,0.3197343,0.7753072,5,58,2.0459138112123654,58,0.6692501956925473,17.18032786885246,0.3798495031889092,12.5,0.25601159036159504,4.298952171194929,1.7039958965768527,4.029169612964153,-1.4989269495835669,6.0,0.1881103515625,-23.74067466718701
84,OOB,142,47,38,57,0.795774647887324,0.25640675,0.87396216,4,62,2.0408936340589485,61,0.5890927017041295,20.41549295774648,0.48197520088833695,17.5,0.3747559804469347,4.7474315253756165,1.2637935294826903,4.580191855151823,-1.2489790463138886,6.0,0.3671875,-26.088252232601423
85,OOB,135,0,25,110,1.0,0.41141427,0.25090873,1,135,2.043775720778148,134,1.0946155826591146,67.0,1.0786847904083678,67.0,0.3043573200702667,7.501655383052174,-1.4915068376249323,7.402977081243434,-1.2127505187218464,6.0,-0.34912109375,-39.80913743801126
86,OOB,125,9,25,91,0.92,0.41222867,0.3367872,1,115,2.136750111808932,115,1.2665513651704559,53.36,1.3857523832983945,53.0,0.27136601135134686,7.327523046474739,-1.3251139515081656,7.159140057588064,-1.5618282980073104,6.0,-0.1700439453125,-39.0214815977326
87,OOB,155,107,45,3,0.47096774193548385,0.21738257,0.8962174,5,27,2.0633829092534666,27,0.2973885729987297,5.464516129032258,0.11402894882719276,0.0,0.597610615193844,2.5169166590392704,3.4830901408534345,2.3276887793813157,-0.9574624874592861,6.0,0.009033203125,-14.887495824738453
88,OOB,184,95,51,38,0.625,0.270603,0.85529757,5,57,2.0155973027869525,57,0.4367122783227211,13.016304347826088,0.20471843903794623,6.5,0.4464028049260378,2.934319529663314,3.068628538108468,2.8867039279048234,-0.5264708299444485,6.0,0.1881103515625,-17.289265534611804
89,OOB,136,65,39,32,0.7058823529411765,0.31633842,0.7596004,5,56,2.0393178851837854,55,0.5864255559688895,14.316176470588236,0.2998002780849983,8.5,0.32434406876564015,4.171057782442206,1.8401672724161005,3.972856025204735,-1.2704873188922936,6.0,0.3671875,-23.186719385292278
90,OOB,122,0,25,97,1.0,0.41679338,0.29549205,1,122,2.0582657165151854,121,1.155175539414822,60.5,1.228454746334136,60.5,0.2937385104596615,7.530814805822966,-1.520666260395724,7.375578805259507,-1.5211866838127197,6.0,-0.34912109375,-40.03505690419958
91,OOB,179,14,25,140,0.9162011173184358,0.41084605,0.29513,1,164,2.0033002872475687,164,0.8371491243244163,75.58659217877096,0.8032994851627027,75.0,0.3426547646522523,7.7953386434093765,-1.7929295484428032,7.7658814969802386,-0.6770444153019132,6.0,-0.1700439453125,-41.25774788999546
92,OOB,188,57,43,88,0.8085106382978723,0.323118,0.6453203,3,98,2.005546496783073,98,0.7333242086296974,30.46808510638298,0.5371097793520719,21.5,0.35873101465404034,5.240223850088987,0.7597829498037179,5.221925364605973,-0.43754026731973283,6.0,0.009033203125,-28.46792414811247
93,OOB,192,88,48,56,0.6927083333333334,0.24969006,0.8540159,4,63,2.0464534128814917,63,0.5513041753190896,16.375,0.2749713597998095,10.0,0.4137456845492127,2.4563005377109195,3.5466475300608624,2.2935954209147145,-0.879108853736559,6.0,0.1881103515625,-14.750230983728734
94,OOB,142,17,29,96,0.9577464788732394,0.41620386,0.3162607,2,121,2.0133084841429025,120,0.9545340813637372,51.971830985915496,0.8808592657206153,49.5,0.30020027980208397,7.49318955094016,-1.4819644960818534,7.39972406052856,-1.1798192549511648,6.0,0.3671875,-39.679256238843706
95,HOME,184,140,43,1,0.45652173913043476,0.21447346,0.9096754,8,25,0.5232325557121147,25,0.15890776078336735,4.489130434782608,0.10765438030892732,0.0,0.5002639554440975,0.19991079348471025,5.810237751942532,0.05715029066189778,0.1915676633175523,6.0,-0.34912109375,100.83333333333333
96,OOB,125,56,51,18,0.72,0.2714933,0.8415959,3,34,2.0104335644082583,34,0.47997630697835886,11.328,0.3469117134099924,10.0,0.3497726768255234,5.249917527069112,0.7524915678974615,5.059203555927334,-1.402174532902263,6.0,-0.1700439453125,-28.467730569544088
97,OOB,166,63,49,54,0.7469879518072289,0.33631912,0.65267676,3,75,2.0270589479354046,75,0.7035938847619697,20.96987951807229,0.38896867908124294,14.0,0.3442619461566208,4.713473725181923,1.286533074710782,4.636425752985712,-0.8487583843657889,6.0,0.009033203125,-25.910340357441424
98,OOB,117,21,30,66,0.9145299145299145,0.40406558,0.48008904,3,90,2.101591124834924,90,1.0269823910766238,36.17094017094017,1.287003154444837,32.0,0.2485084868967533,6.423255023235904,-0.4203069554641221,6.236916451632945,-1.5359291223476372,6.0,0.1881103515625,-34.48414199424976
99,OOB,255,135,42,78,0.6392156862745098,0.31062466,0.72644186,8,92,2.020562511001379,91,0.6381276055546096,19.67058823529412,0.22956248490416173,6.0,0.3609001077711581,2.28881094298939,3.722414111868917,2.0946646119683625,-0.922515959816094,6.0,0.3671875,-13.788765256970427
100,OOB,161,65,51,45,0.7515527950310559,0.2830858,0.8258956,4,64,2.0059454408882735,63,0.519179342944212,17.31055900621118,0.3964851178316356,13.0,0.41047053784132037,4.48953350840326,1.5206150370239824,4.402842964795198,-0.8780005412464814,6.0,-0.34912109375,-24.675261821531723
101,OOB,199,71,41,87,0.7939698492462312,0.33424032,0.63792425,5,109,2.0043146466860957,109,0.6501796059920245,32.552763819095475,0.2939813502132107,18.0,0.35956832766532915,5.251212283351825,0.751196811614748,5.242416772915883,-0.3038039234034197,6.0,-0.1700439453125,-28.499815770041916
102,OOB,188,55,51,82,0.8191489361702128,0.31956327,0.5999971,3,99,2.031249648650192,99,0.8225682941204157,30.5,0.6374623830647475,20.5,0.3698303624987601,5.566731762021145,0.4332750378715602,5.530687504173005,-0.6324541417997148,6.0,0.009033203125,-30.163088405777398
103,OOB,178,15,38,125,0.9719101123595506,0.3821153,0.39937115,2,138,2.211842071048934,138,0.9707810443289167,57.42134831460674,0.9785949366117312,49.5,0.3030699752271175,6.762029755766347,-0.7590816879945654,6.715247306531981,-0.7940403201251596,6.0,0.1881103515625,-36.29738412047727
104,OOB,147,56,49,42,0.7687074829931972,0.29187292,0.74862754,3,62,2.025742441853079,61,0.6409824689551586,17.54421768707483,0.4550294802615021,13.0,0.3301126323640343,4.932896293069927,1.0783287617883799,4.812001861818727,-1.0854049567033208,6.0,0.3671875,-26.890223907202714
105,OOB,258,114,43,101,0.7286821705426356,0.30566442,0.7007917,11,116,2.0216458938324684,115,0.7699485623906185,28.91860465116279,0.45784425153448516,12.5,0.30962337180972066,2.173771433771803,3.8363771116554393,1.8702348838541563,-1.1079276716001594,6.0,-0.34912109375,-13.233153656703667
106,OOB,153,57,51,45,0.7712418300653595,0.2775754,0.86850196,4,57,2.029952554779849,57,0.5592661091667227,16.99346405228758,0.3740902145443499,14.0,0.3811911791563037,3.8929186260897377,2.1094904688768357,3.739410385761187,-1.0824164615423133,6.0,-0.1700439453125,-22.031059159252813
107,OOB,206,53,50,103,0.8495145631067961,0.35920605,0.5175678,4,117,2.0071780316369123,117,0.8264479595543917,37.74271844660194,0.7600574756737137,24.5,0.3430617265403275,5.468498700645139,0.5315080992475663,5.4651309567785935,-0.19188971889569714,6.0,0.009033203125,-29.626104974037993
108,OOB,186,52,47,87,0.8333333333333334,0.3506761,0.5707629,3,97,2.0925853025502,97,0.8005950919678241,30.666666666666668,0.6831199790573849,21.5,0.3449684064835308,5.1228041110699545,0.8801439567018274,5.089862551412518,-0.5800182480954139,6.0,0.1881103515625,-28.016406364499097
109,OOB,181,61,48,72,0.8176795580110497,0.3282002,0.69331855,4,89,2.046594183288505,88,0.6463884724738951,25.944751381215468,0.42528162075576426,17.0,0.3568959683179855,4.920025341725715,1.0911997131325917,4.884508614772609,-0.5901058849354107,6.0,0.3671875,-26.84672089191708
110,OOB,100,0,25,75,1.0,0.390405,0.37979206,1,100,2.0410522749652946,99,1.3173218394320276,49.5,1.3904810055777728,49.5,0.208123542368412,6.254821167554222,-0.2446726221269797,6.021092425271747,-1.693881295846776,6.0,-0.34912109375,-33.561681672570515
111,OOB,139,84,49,6,0.6402877697841727,0.2470668,0.89792424,6,30,2.0042596048752324,30,0.3562582689925891,7.525179856115108,0.15614569283715976,5.0,0.2812401913106442,2.5469468981921186,3.4554621967744548,2.2608112915482352,-1.1728899378110689,6.0,-0.1700439453125,-14.938994095835824
112,OOB,166,68,41,57,0.7349397590361446,0.3535032,0.6356493,4,80,2.009980026124391,80,0.7235896676227525,22.14457831325301,0.38681468562599713,12.5,0.3236413262784482,5.102600379018161,0.8974064208745443,5.0321628770399665,-0.8449067444973594,6.0,0.009033203125,-27.82829039240452
113,OOB,121,61,45,15,0.6776859504132231,0.30317572,0.85381764,3,33,2.0256568557185175,32,0.42586337210188796,9.87603305785124,0.20588171707599917,7.0,0.3309180885553357,4.5774239929133245,1.4255240748584574,4.3411363287221985,-1.4516699991206399,6.0,0.1881103515625,-25.160150784097286
114,OOT,299,130,51,118,0.7391304347826086,0.33385557,0.64757574,11,132,1.466874380762685,131,0.5286049384852946,32.36789297658863,0.34397834195596033,14.0,0.32820728048682174,1.8184571127383518,4.192767942119955,1.7965446652858177,-0.2814489944941566,6.0,0.3671875,-0.25984263677887065
115,OOB,112,0,25,87,1.0,0.41246298,0.33127722,1,112,2.0489382871279362,111,1.316155295985302,55.5,1.3818077884504671,55.5,0.2559499591588973,6.872943310537006,-0.862794765109764,6.66492988935617,-1.678111831738915,6.0,-0.34912109375,-36.71866060826453
116,OOB,141,0,25,116,0.9929078014184397,0.40916938,0.30356586,1,140,2.0293329615287004,140,1.1487022784384409,70.0,1.0835654550070863,70.0,0.268206313252449,6.9438246785564335,-0.9414155835898601,6.829672892121525,-1.2539016521042505,6.0,-0.1700439453125,-37.02791015436146
117,OOB,131,72,44,15,0.7175572519083969,0.3046632,0.8392693,5,39,2.0051387228748965,39,0.4425218459492303,9.763358778625955,0.162692332305145,7.0,0.2942199967801574,4.318228352803055,1.6817784470896502,4.121121385798502,-1.2897498325126553,6.0,0.009033203125,-23.83910997012437
118,OOB,212,61,47,104,0.8160377358490566,0.37288538,0.48681796,3,129,2.0428764949072247,128,0.735502267100504,41.33490566037736,0.6243851929886501,23.0,0.3360865321010352,6.272544631554456,-0.2695965637826738,6.268930326260301,-0.21290542345495783,6.0,0.1881103515625,-33.69258942542353
119,OOB,177,64,44,69,0.7796610169491526,0.34130126,0.6342772,5,88,2.0476158711819235,87,0.7009146558683165,25.141242937853107,0.5269639245866645,16.0,0.32176094129681576,4.692912286080902,1.318312768777405,4.653799067742461,-0.6046320880737922,6.0,0.3671875,-25.771899013120212
120,OOB,109,0,25,84,1.0,0.41136885,0.32530028,1,109,2.0469308720911887,108,1.2840870925969194,54.0,1.373790001320376,54.0,0.27281784266233433,7.064998302225952,-1.0543473409129378,6.930819425059099,-1.3703806433538992,6.0,-0.357666015625,-37.57731892521983
121,OOB,142,3,25,114,0.971830985915493,0.41363484,0.27741447,1,138,2.0017181049177872,138,1.062889957452033,67.54225352112677,0.9902047019810734,67.5,0.2799383830279111,7.37211381293763,-1.3693446461599388,7.323811889002669,-0.842520910962429,6.0,-0.18231201171875,-39.11034515705442
122,OOB,180,5,25,150,0.9666666666666667,0.40764228,0.24002035,1,174,2.000535935782363,174,0.9288703628747923,84.58333333333333,0.8204610467611805,84.5,0.33177453093230724,7.756574155756601,-1.756570121268564,7.753813614633319,-0.20692284378049922,6.0,-0.0069580078125,-41.099905265003386
123,HOME,170,129,41,0,0.45294117647058824,0.22800805,0.9128505,6,20,0.4527574510825306,20,0.1637031663459253,4.194117647058824,0.11415645583690895,0.0,0.2889213152229785,0.17483828794855202,5.82752434783916,0.10384904522270416,0.1406549065589734,6.0,0.16839599609375,101.24293129485935
124,OOB,123,37,38,48,0.8048780487804879,0.34595385,0.7023828,3,73,2.006114230944551,72,0.6617689781969864,23.829268292682926,0.3319323670756516,18.0,0.3300795517861843,5.953543603246644,0.05629533490303018,5.871321421353745,-0.986035599211138,6.0,0.34375,-32.031536620664625
125,OOB,117,0,25,92,1.0,0.424228,0.30016944,1,117,2.0016643566142474,116,1.1751312807673349,58.0,1.257714588428056,58.0,0.2961295209825037,7.290310931300923,-1.2796599699879092,7.183389419080675,-1.244005598414067,6.0,-0.357666015625,-38.65321901311887
126,OOB,120,9,25,86,0.9166666666666666,0.41209537,0.3484523,1,110,2.1049826139980077,110,1.1629580067307865,50.875,1.2468182541409605,50.5,0.2791967056691645,7.049254852999734,-1.0464856862220433,6.936543882406713,-1.2555289522692414,6.0,-0.18231201171875,-37.66135666020587
127,OOB,169,12,25,132,0.9230769230769231,0.41359958,0.30481604,1,156,2.036867337574905,156,0.9620897838024701,72.46153846153847,0.9901003087460531,72.0,0.33234135061502423,7.356406512640781,-1.3564024781527442,7.3379067550415344,-0.5213839598026735,6.0,-0.0069580078125,-39.026541030389424
128,OOB,119,46,35,38,0.6974789915966386,0.31244782,0.7850889,2,62,2.001334772487939,62,0.5956394904843498,18.352941176470587,0.4315101831227756,12.0,0.3620043024420737,6.163960683143622,-0.16159804735591,6.061649876953752,-1.1183970996774555,6.0,0.16839599609375,-33.02113818820605
129,OOB,120,47,38,35,0.75,0.2997364,0.84254974,4,56,2.0247615783244184,55,0.4522346289606868,16.35,0.28255610471609927,12.0,0.3629101682454346,6.128390340962537,-0.11855140281286314,6.022983233888677,-1.131742521733106,6.0,0.34375,-33.11431096391591
130,OOB,124,0,25,99,1.0,0.42808363,0.2717713,1,124,2.0257381960868597,123,1.0786541115284443,61.5,1.1474856623102219,61.5,0.3012417443096639,7.393633112559527,-1.3829821512465132,7.312439875015561,-1.0927184804052241,6.0,-0.357666015625,-39.267707360457074
131,OOB,83,52,27,4,0.4939759036144578,0.31179905,0.896945,2,28,2.060286793383796,28,0.4399462166093771,5.9879518072289155,0.13001951815078897,0.0,0.2504609003663062,5.876058415853277,0.1267107509244143,5.643214736075353,-1.6377392799411343,6.0,-0.18231201171875,-31.640578872650178
132,OOB,146,14,25,107,0.9383561643835616,0.4094511,0.33926183,3,131,2.0008135044359663,131,1.0180349296629214,59.32876712328767,1.1354273706716564,58.5,0.2858331725001334,6.762111641699013,-0.762107607210976,6.725966617285529,-0.6982312782753143,6.0,-0.0069580078125,-36.076672874759375
133,OOB,118,49,37,32,0.7542372881355932,0.34818348,0.6443358,4,56,2.0039960413603253,56,0.7163257353482062,16.152542372881356,0.4080568185238076,10.5,0.3637633491307495,6.4752888117648295,-0.4729261759771175,6.380055535964096,-1.1064612753190566,6.0,0.16839599609375,-34.669521947341565
134,OOB,112,17,29,66,0.9464285714285714,0.40682808,0.39968055,2,91,2.045575388661675,90,1.0316821093521484,37.63392857142857,1.1742261386032138,34.5,0.27528040111064894,7.12364617944431,-1.1138072412946363,7.011052346153184,-1.261538699133503,6.0,0.34375,-37.920078304481535
135,OOB,167,15,25,127,0.9401197604790419,0.4210945,0.29122847,2,152,2.0741689406220187,151,0.9598531491603326,68.80838323353294,0.9896603135972752,68.0,0.3373721353709698,7.901156627490692,-1.8905056661776776,7.878073390696135,-0.6035194304623458,6.0,-0.357666015625,-41.779952078075475
136,OOB,131,73,34,24,0.6183206106870229,0.2840072,0.7768803,5,48,2.0448616935297537,48,0.5491189574980669,10.961832061068701,0.18237712831921662,5.0,0.41245640069246287,4.002494272414375,2.000274894363316,3.9144674235888974,-0.8348084752631464,6.0,-0.18231201171875,-22.32481459016124
137,OOB,108,42,31,35,0.7129629629629629,0.25436932,0.8734185,3,59,2.0423222839490647,59,0.4798038335191252,17.814814814814813,0.3312769746121643,11.5,0.2792725544422865,4.676153377748532,1.3238506567395047,4.460349448691449,-1.4041699355088375,6.0,-0.0069580078125,-25.848296627594614
138,HOME,186,108,40,38,0.5376344086021505,0.20303275,0.8882909,4,62,1.2285880288734718,62,0.2830600646486849,12.446236559139784,0.16266031738647613,2.5,0.6198499016463755,0.15468097229387173,5.84768166349384,-0.0769339850223776,0.13419152409282076,6.0,0.16839599609375,100.83333333333333
139,OOB,130,18,31,81,0.9461538461538461,0.41389823,0.37212113,3,105,2.0239669028846023,105,1.0505927759200098,43.99230769230769,1.097801188282933,40.5,0.29177995957434155,7.321987735217637,-1.3121487970679633,7.239585277537902,-1.0954037629723414,6.0,0.34375,-38.900845052314644
140,OOB,98,35,36,27,0.7959183673469388,0.24592507,0.8427073,3,52,2.027389269867595,51,0.7360905642488689,16.214285714285715,0.44637201161100415,12.5,0.20563381910324063,4.483553358739805,1.5270976025732095,4.22075928383491,-1.5124291020039236,6.0,-0.357666015625,-25.010155491132167
141,OOB,112,39,38,35,0.75,0.25774908,0.88803136,3,56,2.058902521512428,56,0.49260470545424767,17.633928571428573,0.348134441940636,14.0,0.29805172607302655,4.754175755904514,1.2485934108731769,4.571720801784664,-1.3044370542727033,6.0,-0.18231201171875,-26.275261869168478
142,OOT,299,147,51,101,0.6555183946488294,0.2706664,0.8377515,8,78,1.6018045039479913,78,0.4442282123797553,19.622073578595316,0.28316752055285493,9.0,0.29049886763095867,1.1593450896922002,4.840658944795837,0.9699759644452923,-0.6350020987302646,6.0,-0.0069580078125,-0.22268999110094814
143,OOB,251,107,40,104,0.7211155378486056,0.33116826,0.5947113,7,124,2.100386941111876,124,0.6368683355731946,33.14342629482072,0.39618062364225914,14.0,0.3193617872893809,4.421827398536303,1.580535237251409,4.36169282180977,0.7267690627836674,6.0,0.16839599609375,-24.409523933793388
144,HOME,172,122,38,12,0.5232558139534884,0.25102234,0.9250278,9,36,0.8114087995956332,36,0.1917544632650593,6.215116279069767,0.10936122316755895,1.0,0.665070416405797,0.1881490131247198,5.821689925024954,0.18052703870321066,0.053009805101089214,6.0,0.34375,100.83333333333333
145,OOB,137,42,40,55,0.8540145985401459,0.3328378,0.6639241,3,80,2.035726245700654,79,0.8252211161832489,25.715328467153284,0.5707380052176781,16.0,0.31328847631812107,4.919033795822606,1.0916171654904083,4.822564045040896,-0.969417101109603,6.0,-0.357666015625,-26.94824233400328
146,OOB,120,33,38,49,0.825,0.32127365,0.61733705,3,72,2.0134292030758254,72,0.8848984813171017,24.633333333333333,0.6781790661244687,19.0,0.29386258870363235,5.204929645879934,0.7978395208977567,5.0814241321987765,-1.127129720692222,6.0,-0.18231201171875,-28.33018393091166
147,OOB,127,28,38,61,0.8582677165354331,0.32231626,0.6365679,2,79,2.0397809401265556,79,0.8747325167697636,28.543307086614174,0.755796825875403,23.0,0.30138104036450386,5.013761482639366,0.9862425518486706,4.8913627579275625,-1.1010788233170976,6.0,-0.0069580078125,-27.38926933396811
148,OOB,202,70,39,93,0.7623762376237624,0.31941986,0.6753023,4,105,2.006675552638164,105,0.7192519667655194,31.237623762376238,0.39955046158164254,20.5,0.35017647221684456,4.694146109274116,1.308216526513596,4.693847554976062,-0.05294172134112361,6.0,0.16839599609375,-25.677406099008742
149,OOB,282,120,49,113,0.75177304964539,0.3020681,0.7021027,10,120,2.0046759183251925,119,0.7102893304864503,29.79432624113475,0.3609758877273266,14.5,0.335337156429887,2.0946255366896276,3.915213401460046,1.6782963336479981,-1.2533066485964235,6.0,0.34375,-12.725081357054014
150,OOB,88,0,25,63,1.0,0.40574864,0.4490485,1,88,2.0441450659656915,87,1.2517045532035793,43.5,1.31685465799036,43.5,0.22893241420388222,5.9649043227763165,0.04574663853669758,5.757967928285421,-1.5575265380442416,6.0,-0.357666015625,-32.13661373599092
151,OOB,139,0,25,114,0.9928057553956835,0.40122047,0.3799305,1,138,2.1139457136568547,138,1.085561684099863,69.0,1.1191340383867774,69.0,0.2797136716544627,5.933134665484846,0.06963450129284521,5.860237390271362,-0.9272026145581557,6.0,-0.18231201171875,-31.997248212969858
152,OOB,105,35,38,32,0.7714285714285715,0.3287022,0.70607114,3,56,2.097923049832417,56,0.7896528307916568,18.066666666666666,0.5064323645125437,14.0,0.293450314551592,5.476681989581509,0.5233220449065277,5.291332746310371,-1.4127432119214107,6.0,-0.0069580078125,-29.800499947420608
153,OOB,115,30,38,47,0.8260869565217391,0.28954914,0.7816161,2,65,2.000661112671377,65,0.6924928283764464,22.695652173913043,0.5807536839506962,19.0,0.29790601134300215,5.001641694729541,1.0007209410581712,4.858684926680756,-1.187265945650849,6.0,0.16839599609375,-27.26106086490057
154,OOB,113,34,38,41,0.8407079646017699,0.24541028,0.87483436,5,57,2.0288558880876275,56,0.679371516834395,19.150442477876105,0.5935258042630427,17.0,0.3025005832314491,4.699892328513212,1.3099466096364614,4.512059423631279,-1.31541159233052,6.0,0.34375,-25.971917202314437
155,OOB,86,0,25,61,1.0,0.41782552,0.4186779,1,86,2.02889970545559,85,1.3295201618524073,42.5,1.4174150682916635,42.5,0.23455203324556356,6.489886344501213,-0.4792353831881986,6.269443294329928,-1.6771122633040427,6.0,-0.357666015625,-34.79835596043093
156,OOB,114,1,25,88,0.9824561403508771,0.4060668,0.3510464,1,112,2.007044136582,112,1.1176605442828034,55.50877192982456,1.1482706174345227,55.5,0.2659237924963237,6.6163860928352705,-0.6136169260575794,6.513176654905836,-1.1640853883859235,6.0,-0.18231201171875,-35.35945668092886
157,OOB,161,2,25,134,0.9813664596273292,0.41566572,0.31307736,1,158,2.034329118439328,158,0.9542111993858557,78.01863354037268,1.0284302299602008,78.0,0.2985723242163658,6.783273501628794,-0.783269467140757,6.757874848500005,-0.5864528369020005,6.0,-0.0069580078125,-36.150696626583304
158,OOB,109,38,35,36,0.7522935779816514,0.30327162,0.8672177,2,61,2.1875062529335016,60,0.56432248484311,18.908256880733944,0.4220885785716892,14.0,0.30390334501862515,5.600088543903046,0.40227409188466634,5.411384868447469,-1.4414941918342599,6.0,0.16839599609375,-30.632250343784495
159,OOB,81,34,38,9,0.7530864197530864,0.25590408,0.9120081,3,30,2.007295079792079,29,0.497077117530117,10.45679012345679,0.2748889825621292,9.0,0.270352531224489,5.712565887062349,0.29727305108732516,5.436139762341444,-1.7555037733706949,6.0,0.34375,-31.028905994305056
160,OOB,98,0,25,73,1.0,0.39868447,0.33694026,1,98,2.0185357692271495,97,1.2445320601627743,48.5,1.270329403301238,48.5,0.24426771700382233,8.795188806477723,-0.7810938617584977,8.626051144994666,-1.716562782285355,8.0,-0.47509765625,-46.246106364147224
161,OOB,120,2,25,93,0.975,0.4095048,0.3409451,1,117,2.0757166375571754,117,1.1672456798616981,57.525,1.182182725134445,57.5,0.2599412817507984,8.915095454464417,-0.9124012184774237,8.77522651810096,-1.5729992111345235,8.0,-0.2076416015625,-46.85119390987927
162,OOB,153,72,38,43,0.7254901960784313,0.29053319,0.8802914,5,62,2.104949061411502,62,0.5243025596217565,16.137254901960784,0.3248360108424118,8.0,0.3942737281322481,7.554284635371329,0.4459389720538196,7.462734422220142,-1.1725234733760905,8.0,0.059814453125,-40.07637223826815
163,OOB,125,44,38,43,0.8,0.3123307,0.8464928,4,61,2.0329946739381746,60,0.48358349026557584,18.768,0.29426141500597797,15.0,0.34469091519713396,7.168100533346462,0.8385907923687901,7.041252770058212,-1.3425441088878172,8.0,0.3272705078125,-38.160834913195295
164,OOB,97,50,38,9,0.7010309278350515,0.25942153,0.90495914,4,29,2.061334142780737,29,0.431097717779553,9.144329896907216,0.20914028002877497,6.0,0.22715272754430765,6.363568416443489,1.6585073550849172,6.084129499026608,-1.865039203296095,8.0,0.5947265625,-34.079176224998186
165,OOB,132,0,25,107,1.0,0.41377375,0.2516483,1,132,2.0125124867573203,131,1.139525553097181,65.5,1.121215970798144,65.5,0.3117072992026806,9.388831867089035,-1.3747369223698094,9.297266931634388,-1.3080487110212178,8.0,-0.47509765625,-49.217014430428506
166,OOB,120,0,25,95,1.0,0.40499654,0.32665527,1,120,2.165854071375503,119,1.2277567905931945,59.5,1.3417407883495327,59.5,0.31065606884658326,9.511387005496601,-1.508692769509608,9.358958816490075,-1.695987216806865,8.0,-0.2076416015625,-50.02966043025571
167,OOB,158,11,25,122,0.9240506329113924,0.4048859,0.3456329,1,146,2.0308679447981883,146,0.8320034935696727,67.91772151898734,0.7510083027006051,67.5,0.2968757413327692,8.606892039419995,-0.6066684319948461,8.558280773401513,-0.9134663550767914,8.0,0.059814453125,-45.31422728594695
168,OOT,299,205,65,29,0.5618729096989966,0.24116044,0.8903541,11,50,1.1308517045918716,50,0.23033497656951693,8.050167224080267,0.15460997510993413,2.0,0.4556607790291308,0.8186486646364559,7.188042661078796,0.8118513471091521,-0.10527595313321812,8.0,0.3272705078125,-0.4344402399063122
169,OOB,132,18,29,85,0.946969696969697,0.41772115,0.3827076,2,110,2.0156074666991115,109,1.0321394151000416,46.32575757575758,1.1071014023962873,43.5,0.26843380369246017,8.987196768391401,-0.9651209968629946,8.885597702684562,-1.3475382071880866,8.0,0.5947265625,-47.151591308656116
170,OOB,142,0,25,117,1.0,0.42092267,0.2521258,1,142,2.0209934926759825,141,1.1149607597425781,70.5,1.0967553812972697,70.5,0.31090206280350685,9.537722879367646,-1.5236279346484203,9.442717066875739,-1.3428522325806025,8.0,-0.47509765625,-49.94707387878768
171,OOB,140,78,38,24,0.6571428571428571,0.31268212,0.8093246,4,49,2.049016357432019,48,0.5418391038185482,11.257142857142858,0.19690026993190163,6.0,0.45290273986756807,6.911356819890048,1.0913374160969456,6.789080334313649,-1.2943111318675837,8.0,-0.2076416015625,-36.981779277324
172,OOB,235,159,45,31,0.5191489361702127,0.27983385,0.8870213,6,55,2.073475046458326,55,0.3436925336013792,9.093617021276597,0.12959658832513443,1.0,0.43590492010116555,4.655518480235774,3.344705127189375,4.652810276116728,0.15877296457325366,8.0,0.059814453125,-25.70694186318302
173,OOB,242,106,54,82,0.743801652892562,0.3319021,0.6097441,5,100,2.0760402599646546,99,0.6746356844957142,24.363636363636363,0.2962413198694831,12.0,0.3753913678228853,5.830039949580434,2.176651376134818,5.829514725491624,0.07825521695169237,8.0,0.3272705078125,-31.426240007866824
174,OOB,146,17,33,96,0.958904109589041,0.4201308,0.35494465,2,121,2.0034422164888572,120,0.9623110095396933,51.02739726027397,0.9440950840906506,47.5,0.2629529982805249,9.02805522151692,-1.005979449988514,8.952837539902626,-1.1629621949441136,8.0,0.5947265625,-47.40286523066668
175,OOB,138,0,25,113,1.0,0.42000157,0.25045797,1,138,2.0460588891681244,137,1.0659284455185354,68.5,1.0414784990013128,68.5,0.3093144688755273,9.356460702711406,-1.3423657579921802,9.284987965185445,-1.1542769891773166,8.0,-0.47509765625,-49.091555125054725
176,OOB,186,15,25,146,0.9731182795698925,0.4044205,0.35752687,3,171,2.004041797097054,170,0.733856428049785,78.31182795698925,0.6159393314494683,77.5,0.32944496721029254,8.8627421490758,-0.8600479130888061,8.843168124818353,-0.5887069875594879,8.0,-0.2076416015625,-46.51775254247605
177,OOB,144,59,46,39,0.7361111111111112,0.27028787,0.84554046,3,54,2.0527646616092268,54,0.5307511035495178,15.527777777777779,0.3015175323202378,12.0,0.38337977044284344,6.400350338242149,1.599873269182999,6.3037143913450535,-1.1080024027887574,8.0,0.059814453125,-34.304898591938056
178,OOB,136,16,32,88,0.9705882352941176,0.41522044,0.36647746,3,113,2.1418112846355872,112,0.9638733986568337,47.794117647058826,0.9836800428243249,44.5,0.28970742039382447,9.325784468590443,-1.3190931428751913,9.230616060222104,-1.3289029698862487,8.0,0.3272705078125,-49.08017862474216
179,OOB,167,20,35,112,0.9461077844311377,0.41892636,0.34165323,2,137,2.0816836418915177,136,0.8856334134816778,57.16766467065868,0.7994996257810221,53.0,0.28213686868548365,9.037200332795376,-1.015124561266969,8.987595466762812,-0.9455779084250067,8.0,0.5947265625,-47.58317945524491
180,OOB,160,69,45,46,0.75625,0.28106126,0.784211,5,67,2.0383984086840243,66,0.5722171719993009,17.575,0.36385506576195514,11.0,0.4076046347618101,6.194445181283044,1.819649763436182,6.130646411018612,-0.8867500701918964,8.0,-0.47509765625,-33.25878449267816
181,OOB,144,60,51,33,0.7430555555555556,0.2663756,0.82799774,4,54,2.018843706433829,54,0.5839930110179457,15.027777777777779,0.38862141645444626,11.5,0.41831928305327915,6.458693253111634,1.5440009828753594,6.3468003147855905,-1.1970147459523088,8.0,-0.2076416015625,-34.512309971992
182,OOB,128,17,38,73,0.953125,0.36371738,0.55133617,3,91,2.0600769839842106,91,0.9242075661640258,36.34375,1.0551854372145675,29.0,0.260508183389902,7.717858750250145,0.28236485717500326,7.579736012085174,-1.4535974944639531,8.0,0.059814453125,-40.84937073523494
183,OOB,146,49,50,47,0.815068493150685,0.29066083,0.8254938,3,62,2.00833698787677,61,0.5917230617807882,18.91780821917808,0.46169337992676585,15.5,0.37633013166487206,7.251363835758005,0.7553274899572475,7.167477605066794,-1.0997919164119276,8.0,0.3272705078125,-38.480383655050105
184,OOB,147,48,51,48,0.8231292517006803,0.28589478,0.839746,3,59,2.075544713693505,58,0.49488497049341523,18.448979591836736,0.3895479322790128,16.0,0.3519018441438674,7.509143589180096,0.5129321823483108,7.410990267503072,-1.2101490395398742,8.0,0.5947265625,-40.086792021837965
185,OOB,161,0,25,136,1.0,0.38860342,0.34073898,1,161,2.0636965233035913,160,0.983176772698127,80.0,0.9694894900456944,80.0,0.3058809600770472,8.262497175424574,-0.24840223070534861,8.196528921716355,-1.0420044190723912,8.0,-0.47509765625,-43.66132403004755
186,OOB,136,66,47,23,0.6691176470588235,0.28677973,0.8114259,3,45,2.0793555643472073,45,0.5196638531528885,11.735294117647058,0.2905553634267466,8.0,0.4021790493279695,5.614694544818458,2.3879996911685355,5.489855850148278,-1.1774028945976305,8.0,-0.2076416015625,-30.529667341734413
187,OOB,157,63,44,50,0.7452229299363057,0.3029541,0.75860727,4,59,2.0527841648753613,59,0.5970760159473778,17.235668789808916,0.252163528114948,13.0,0.2951927259564401,5.592530655815489,2.4076929516096595,5.500091469848334,-1.0126168868518919,8.0,0.059814453125,-30.215437443952805
188,OOB,147,48,47,52,0.8231292517006803,0.27381018,0.86520606,3,55,2.046899324458521,54,0.4800997534818364,18.8843537414966,0.3299418264777669,16.0,0.4167141877114771,5.845403977071883,2.161287348643369,5.753622841127826,-1.0317809153206619,8.0,0.3272705078125,-31.868733892080538
189,OOB,137,49,43,45,0.8029197080291971,0.3132234,0.76642305,3,50,2.0170843252083115,49,0.5950642457865919,17.16058394160584,0.3140464396507719,14.0,0.2796718291938304,5.963407082009693,2.058668689518713,5.825897917784058,-1.273238971019481,8.0,0.5947265625,-32.11475680624783
190,OOB,92,0,25,67,1.0,0.39512882,0.4319845,1,92,2.0048491284551453,91,1.2489942200520412,45.5,1.346732980671453,45.5,0.2030194010585548,7.917067952799349,0.09702699191987652,7.692483168562618,-1.8723428293513167,8.0,-0.47509765625,-41.790188892451894
191,OOB,141,0,25,116,0.9929078014184397,0.38703874,0.3767416,1,140,2.020168088123323,140,1.077249836318503,70.0,1.0385001261637354,70.0,0.2569325119256972,7.867166316881739,0.13552791910525475,7.763978519728899,-1.270017087549153,8.0,-0.2076416015625,-41.55599967253202
192,OOB,150,70,46,34,0.6733333333333333,0.29450715,0.78152305,3,52,2.0303784201841695,52,0.5650144224004713,13.553333333333333,0.22414554222164962,9.0,0.40045605599880235,5.601749095679666,2.3984745117454827,5.493835009243216,-1.0942439500228227,8.0,0.059814453125,-30.29942158252913
193,OOB,157,61,47,49,0.7707006369426752,0.2763837,0.8835335,5,60,2.207255460785961,59,0.46272048723242504,17.356687898089174,0.33149781442685683,13.0,0.39589393883943563,5.966793950440941,2.039897375274311,5.857599606198518,-1.1362908520627926,8.0,0.3272705078125,-32.47134702425799
194,OOB,246,96,46,104,0.7926829268292683,0.35012928,0.57225966,8,123,2.008033117229442,122,0.6339411668434016,33.5650406504065,0.4477547258018598,15.5,0.33200897835195065,6.463192292091475,1.5588834794369317,6.455554738313779,0.3141140321366855,8.0,0.5947265625,-34.55755117400622
195,OOB,84,0,25,59,1.0,0.408147,0.4235989,1,84,2.051535109269817,83,1.3993695355935007,41.5,1.549127348394086,41.5,0.2271873261779547,8.475610499214902,-0.4615155544956764,8.213276518790412,-2.092381934611347,8.0,-0.47509765625,-44.733353400362944
196,OOB,112,0,25,87,0.9910714285714286,0.40699905,0.3731887,1,111,2.009352300212945,111,1.243555506455645,55.5,1.2909294337574826,55.5,0.23009889014065277,8.522082427388426,-0.5193881914014327,8.348582598747859,-1.7108645449266486,8.0,-0.2076416015625,-44.84028543327452
197,OOB,125,62,49,14,0.768,0.3003212,0.87248063,5,35,2.0289090138916945,35,0.3996766744238886,10.624,0.13279365503024532,9.0,0.28412114456295956,5.877868900664375,2.122354706760773,5.721673861026411,-1.346027875433699,8.0,0.059814453125,-31.619247324033218
198,OOB,144,64,49,31,0.7083333333333334,0.31397417,0.7667811,3,55,2.0117453157339136,54,0.5923600985036542,14.32638888888889,0.3245376505858288,10.0,0.3173515722155571,6.0250145953143015,1.9816767304009506,5.912932474946948,-1.1567326486565994,8.0,0.3272705078125,-32.395874611163656
199,OOB,223,99,41,83,0.7174887892376681,0.3394149,0.6905952,5,103,2.1087152511873515,102,0.6095915682754606,26.246636771300448,0.19367123050706397,12.0,0.3198100738227367,6.801730220588337,1.2203455509400696,6.798313865264251,-0.21555181052477373,8.0,0.5947265625,-36.39601372749425
200,OOB,95,0,25,70,1.0,0.40795785,0.384862,1,95,2.055821997496319,94,1.1936858724631723,47.0,1.2182569854861627,47.0,0.2535273395478723,8.644007519178219,-0.6383735113634295,8.516503479564713,-1.4792006199876007,8.0,-0.30029296875,-45.5224811861748
201,OOB,138,4,25,109,0.9637681159420289,0.4141822,0.2988743,1,133,2.12448585639409,133,1.0108025631190058,64.57246376811594,0.9579207872724333,64.5,0.2840527724474668,9.14901033148919,-1.1472885757739952,9.102260574901344,-0.9237112494132541,8.0,-0.165985107421875,-48.06953751384005
202,OOB,162,5,25,132,0.9629629629629629,0.40316668,0.28430396,1,156,2.0173763395105633,156,0.8782950450876181,75.5925925925926,0.8154191513493523,75.5,0.30896207876503434,9.324499844915671,-1.3244371296664905,9.30459179680899,-0.608990026673023,8.0,-0.03167724609375,-48.86561413868334
203,OOB,83,43,32,8,0.7349397590361446,0.28447783,0.9133489,3,32,2.0579914711184593,32,0.49516557594350136,9.216867469879517,0.15286378793514022,7.0,0.21795811131596549,6.819124758834966,1.1815335292800428,6.5887979034312645,-1.7573288435280978,8.0,0.102630615234375,-36.353615265293286
204,OOB,179,63,39,77,0.770949720670391,0.36234522,0.5465473,3,102,2.0423879892262753,101,0.779066278780775,30.70949720670391,0.7939081061138957,16.0,0.29988755285739865,7.662860227840548,0.34064774314790824,7.652984082204527,-0.3889235258307663,8.0,0.2369384765625,-40.55668912842902
205,OOB,92,8,25,59,0.9021739130434783,0.40634444,0.41358376,1,83,2.041279247563289,83,1.1501994332587875,37.891304347826086,1.3112615449882246,37.5,0.25963138975203054,8.768729704568393,-0.763095696753604,8.624196438088019,-1.5855145628628007,8.0,-0.30029296875,-46.190966350504446
206,OOB,141,10,25,106,0.9219858156028369,0.4102102,0.33762404,1,130,2.035528884372138,130,0.9661966564033607,60.39007092198582,0.940397252945969,60.0,0.2938686273992062,9.096435739137746,-1.094713983422551,9.05013033270943,-0.9166701245460007,8.0,-0.165985107421875,-47.825847508878795
207,OOB,156,11,25,120,0.9230769230769231,0.4009553,0.3365537,1,144,2.007676481360841,144,0.8727397567924994,66.92307692307692,0.7955675433339406,66.5,0.29398484341800213,8.871160995790126,-0.8710982805409451,8.850825244381754,-0.6003248342711867,8.0,-0.03167724609375,-46.62470509292043
208,OOB,124,12,25,87,0.9596774193548387,0.37228325,0.43286452,2,111,2.0881540691610074,111,1.0330062628782957,50.41935483870968,1.073300309521879,49.5,0.24318143352866187,8.005202278003926,-0.004543989888917466,7.916196036392842,-1.190421700557208,8.0,0.102630615234375,-42.3737195896416
209,OOB,118,47,38,33,0.7627118644067796,0.2976162,0.81013304,3,58,2.0394357054422594,57,0.6056021575793944,16.85593220338983,0.42326109619807667,11.5,0.3452041167765856,7.62111833336299,0.38238963762546696,7.522487587867852,-1.2221395752922757,8.0,0.2369384765625,-40.465827878408874
210,OOB,165,13,25,127,0.9151515151515152,0.41297358,0.31165555,1,151,2.086093772362507,151,0.9625255370256109,69.55151515151515,0.9686080331727632,69.0,0.3387971594929698,9.721325014597264,-1.7156910067824747,9.702198956549415,-0.609504263287743,8.0,-0.30029296875,-50.983248186934944
211,OOB,96,8,25,63,0.96875,0.41300878,0.42385736,2,87,2.0405240131012374,87,1.1090087386863816,40.09375,1.3498053759339022,39.5,0.2724978569895029,8.933441150292325,-0.9317193945771294,8.796224084215964,-1.5597476225323386,8.0,-0.165985107421875,-46.955728863212016
212,OOB,127,13,25,89,0.937007874015748,0.40127605,0.4093806,2,113,2.1000322163482648,113,1.0035422652825186,50.881889763779526,1.1272136165185118,50.0,0.27592125162482267,8.485435952266384,-0.48537323701720325,8.404000620219525,-1.1727731559703856,8.0,-0.03167724609375,-44.83779037251787
213,OOB,91,49,34,8,0.6373626373626373,0.32011375,0.8486289,3,32,2.0535586528236807,32,0.43138437642288774,8.340659340659341,0.13806394127162938,5.0,0.3213759995996952,8.215575274645978,-0.21491698653096947,8.03836006420991,-1.697187252924556,8.0,0.102630615234375,-43.51088640705984
214,OOB,119,50,37,32,0.7563025210084033,0.30621922,0.7920515,3,56,2.014569853903403,56,0.6101108226013342,16.285714285714285,0.3987524228526284,11.0,0.3581716008484363,7.452783469035638,0.5507245019528186,7.351109269973916,-1.2268553041147263,8.0,0.2369384765625,-39.546704903869134
215,OOB,130,60,38,32,0.7076923076923077,0.27045476,0.8812434,3,54,2.0207639691828407,53,0.49701082711617006,14.423076923076923,0.2043394263415286,9.0,0.37114088609814655,6.9333834584541005,1.0722505493606889,6.858946748473975,-1.0132401904599115,8.0,-0.30029296875,-37.24660989366914
216,OOB,106,62,37,7,0.6415094339622641,0.26844802,0.90192735,5,31,2.0473121377551755,31,0.38548293275174517,7.754716981132075,0.12946166574567558,4.5,0.2614445760846136,6.43164241021991,1.5700793454952855,6.273995182471269,-1.4152768433301919,8.0,-0.165985107421875,-34.40552418885473
217,OOB,99,38,28,33,0.7171717171717171,0.28233564,0.86936474,2,57,2.057578681700497,57,0.4766029138543505,17.757575757575758,0.2790068368611385,11.0,0.2828532978892325,6.9249431488627815,1.075119566386399,6.766069418154884,-1.47483634471449,8.0,-0.03167724609375,-36.88229442601441
218,OOB,84,20,32,32,0.8928571428571429,0.328059,0.80917615,3,56,2.0220917461241408,56,0.7303096004419187,21.047619047619047,0.321766277815447,16.5,0.1793379615992308,6.705866081230936,1.2947922068840727,6.494269361578359,-1.6712586151365576,8.0,0.102630615234375,-35.86756784699131
219,OOB,145,69,38,38,0.6689655172413793,0.28374878,0.85922295,3,62,2.1173311395137646,62,0.4895355992526774,15.703448275862069,0.2400408536477105,9.0,0.3689772039651872,6.327188145754819,1.6763198252336373,6.240645466105127,-1.042906514584042,8.0,0.2369384765625,-34.109133522070124
220,OOB,107,38,37,32,0.7383177570093458,0.24246198,0.8830059,2,56,2.024984305785347,56,0.5464278314429939,17.49532710280374,0.4901742405915856,13.0,0.32180142030119896,6.891110509319165,1.1145234984956245,6.752827107065024,-1.3735829475269632,8.0,-0.30029296875,-36.866226613057044
221,OOB,105,39,38,28,0.7333333333333333,0.25526094,0.8796998,2,51,2.0280359328169992,50,0.4344252092237818,15.485714285714286,0.2708177097797571,12.0,0.29976679384708393,6.8613865680516195,1.1403351876635757,6.731660091973342,-1.3279224534484853,8.0,-0.165985107421875,-36.76435953857438
222,OOB,104,30,38,36,0.8076923076923077,0.27948895,0.870798,2,57,2.0618304077868794,57,0.5170906002830523,19.528846153846153,0.33695034078947894,16.5,0.32797455973923195,7.423885921756387,0.5761767934927935,7.274635919988989,-1.481132813375843,8.0,-0.03167724609375,-39.66316927557742
223,OOB,98,22,38,38,0.8979591836734694,0.32365242,0.7371032,3,56,2.028364506397563,56,0.7375788453100698,21.06122448979592,0.4913430275752747,19.0,0.25206224992871257,6.944670360660782,1.0559879274542272,6.79552110298753,-1.4315513812264955,8.0,0.102630615234375,-37.012534747209905
224,OOB,149,68,42,39,0.6912751677852349,0.27246815,0.87345856,3,56,2.0417861007018048,55,0.37567812013124374,14.684563758389261,0.23015422131024468,10.0,0.3530428931117058,6.054669658782101,1.9488383122063553,6.012075218835314,-0.7169213625237287,8.0,0.2369384765625,-32.7581685890719
225,OOB,96,34,39,23,0.8645833333333334,0.30464274,0.7763569,3,47,2.1299201004873667,47,0.7083991828859091,15.40625,0.3633388378918962,12.0,0.24981324002146732,6.764876118588583,1.2407578892262068,6.593097227738109,-1.5147996057043942,8.0,-0.30029296875,-36.15897434325311
226,OOB,126,32,38,56,0.8809523809523809,0.3416481,0.63263947,4,79,2.096218850468609,79,0.812575568447702,27.8015873015873,0.7602325579250166,21.0,0.30186996422708023,7.007908242126134,0.9938135135890613,6.923973000337948,-1.081376817141241,8.0,-0.165985107421875,-37.43446856556722
227,OOB,127,30,38,59,0.84251968503937,0.34222,0.6401828,2,78,2.005350571322235,78,0.8120613807412578,27.68503937007874,0.7160382637711926,22.0,0.29819478839635816,7.137313828341675,0.8627488869075055,7.058066684529905,-1.0606334715472303,8.0,-0.03167724609375,-37.992946662285085
228,OOB,134,27,38,69,0.8955223880597015,0.33056474,0.64479315,4,84,2.0923217322374725,84,0.7961739798057204,30.85820895522388,0.555845630224171,25.5,0.3227681927382945,7.40342734627735,0.5972309418376591,7.340547765347342,-0.9628577134039238,8.0,0.102630615234375,-39.36698034667104
229,OOB,188,53,38,97,0.8297872340425532,0.34682563,0.6078936,4,104,2.072921933523733,104,0.6812102819735039,33.920212765957444,0.5315920764853788,26.0,0.33674323558807384,7.193764734735526,0.8097432362529311,7.191952650028656,-0.16145630514251738,8.0,0.2369384765625,-38.246573056582776
230,OOB,145,1,25,119,0.9862068965517241,0.38992214,0.36813763,1,143,2.041396790443305,143,0.9870179652742477,71.00689655172414,0.8907388427207189,71.0,0.2954383902251717,7.996696073446638,0.008937934368151268,7.955809766411538,-0.8076131820046487,8.0,-0.30029296875,-42.28410616502325
231,OOB,111,34,38,39,0.8648648648648649,0.3009752,0.8796447,3,61,2.0124569423739307,61,0.4962122368313001,20.603603603603602,0.21467136687128985,16.0,0.33857901021838177,7.364153639855293,0.637568115859902,7.261197213467981,-1.2270997752908201,8.0,-0.165985107421875,-39.12532968652471
232,OOB,135,37,38,60,0.8,0.3401317,0.68634987,2,83,2.003271241397159,83,0.7382854956894706,28.22962962962963,0.4199121778323259,21.0,0.34129257872700663,7.847904267731738,0.15215844751744267,7.783910608580467,-1.0001685023587252,8.0,-0.03167724609375,-41.53970370853575
233,OOB,187,110,46,31,0.5828877005347594,0.26256713,0.8983742,6,52,2.159925678543211,51,0.31911656253521525,10.39572192513369,0.1718082015165628,3.0,0.34208029881119706,4.849662411836752,3.150995876278257,4.842159332159362,-0.2696636993817763,8.0,0.102630615234375,-26.901926459108612
234,OOB,156,95,50,11,0.6153846153846154,0.26685372,0.87261796,6,30,2.0135971229566136,30,0.3656273025548574,7.75,0.21984802157222907,4.0,0.3351547177881,5.100196526888138,2.9033114441003187,5.067420445179488,-0.5772821187762016,8.0,0.2369384765625,-27.859633061445685
235,OOB,106,0,25,81,0.9905660377358491,0.40307978,0.35536122,1,105,2.036645075057135,105,1.2015569486543292,52.5,1.2950729253086921,52.5,0.2519199680536984,8.407971727367082,-0.4023377195522926,8.315931704859663,-1.2406725790127133,8.0,-0.30029296875,-44.43872965338124
236,OOB,118,0,25,93,0.9915254237288136,0.4039338,0.3588505,1,117,2.0138755163680986,117,1.0666292228817003,58.5,1.088305973547281,58.5,0.2502031307667496,8.421062064229877,-0.4193403085146823,8.340292607457437,-1.1635314828582746,8.0,-0.165985107421875,-44.37034417846999
237,OOB,157,92,31,34,0.5923566878980892,0.27397734,0.8820078,6,58,2.0903802784052696,58,0.3659162536121087,12.35031847133758,0.1645824748739995,3.0,0.3657766468822956,6.119018664574037,1.8810440506751434,6.086038869480264,-0.6344448727673793,8.0,-0.03167724609375,-32.99796156165224
238,OOB,134,39,35,60,0.7910447761194029,0.34146413,0.68845147,2,85,2.0833068211210124,84,0.7757866937483745,28.365671641791046,0.43725195168174735,19.5,0.31273020431399345,7.894736895391902,0.10592139272310686,7.822720485718903,-1.0639148696093979,8.0,0.102630615234375,-41.780516055778044
239,OOB,122,34,38,50,0.8360655737704918,0.34614065,0.6208749,3,75,2.0244396043488884,74,0.8235083900956037,25.25409836065574,0.7375577421414645,19.0,0.25707781687378883,7.178150811585411,0.8253571594030458,7.092912320502902,-1.1029251504623696,8.0,0.2369384765625,-38.2188980067947
