,idx,ep_len,outcome,dataset,exit_idx,entry_idx,oob_idx,home_idx,ttc,tts,range_oob,range_home,entered_search_mode,traj_snippet,speed_snippet,home_distances,oob_distances,label,timesteps
0,89,438,HOME,constantx5b5,,358,,419,,61,2.05456280708313,2.05456280708313,True,"        loc_x     loc_y  ...  wind_angle_ground_dt1  wind_speed_ground_dt1
348  0.148207 -0.050070  ...                    0.0                    0.0
349  0.148595 -0.049502  ...                    0.0                    0.0
350  0.148958 -0.048890  ...                    0.0                    0.0
351  0.149292 -0.048239  ...                    0.0                    0.0
352  0.149620 -0.047484  ...                    0.0                    0.0
353  0.149909 -0.046686  ...                    0.0                    0.0
354  0.150154 -0.045850  ...                    0.0                    0.0
355  0.150359 -0.044943  ...                    0.0                    0.0
356  0.150508 -0.044017  ...                    0.0                    0.0
357  0.150598 -0.043079  ...                    0.0                    0.0
358  0.150630 -0.042128  ...                    0.0                    0.0
359  0.150599 -0.041054  ...                    0.0                    0.0
360  0.150493 -0.039907  ...                    0.0                    0.0
361  0.150306 -0.038710  ...                    0.0                    0.0
362  0.150013 -0.037386  ...                    0.0                    0.0
363  0.149619 -0.036017  ...                    0.0                    0.0
364  0.149119 -0.034614  ...                    0.0                    0.0
365  0.148503 -0.033178  ...                    0.0                    0.0
366  0.147770 -0.031727  ...                    0.0                    0.0
367  0.146918 -0.030274  ...                    0.0                    0.0
368  0.145945 -0.028828  ...                    0.0                    0.0

[21 rows x 63 columns]","[-0.0010954367135919407, -0.0009337750162251302, -0.0007653770105535418, -0.0005764064555660586, -0.0004134156190198357, -0.00018246526266196827, 6.240296066342688e-05, 0.00033189027126692694, 0.0006004741690021631, 0.0008670400263517675, 0.001141719796688423, 0.001580820816654005, 0.0019990877406107777, 0.002418210688415884, 0.003043215446459774, 0.003542805164214319, 0.004049565999563742, 0.004598454479869396, 0.005132730494145782, 0.005662055786432446, 0.00620041344754213]","[4.511146  4.947412  5.168668  5.429939  5.556281  5.5663767 5.5580335
 5.6118245 5.708119  5.8038416 5.8947973 5.9678583 6.0173573 6.037545
 6.040875  6.0445604 6.048026  6.04648   6.052165  6.0602903 6.058022
 6.0541034 6.0238547 5.987463  5.9531655 5.911365  5.874924  5.8453426
 5.7995963 5.763803  5.7206993 5.698623  5.671216  5.638752  5.6080036
 5.5784235 5.548947  5.5184674 5.4814143 5.4403796 5.4098268 5.383804
 5.339745  5.304332  5.268219  5.21243   5.129282  5.0400624 4.971531
 4.9032817 4.8289895 4.7153916 4.641581  4.4768066 4.355144  4.208747
 4.0750213 3.8989074 3.735551  3.5353408 3.3637269 3.1848958 2.98999
 2.8301854 2.7425199 2.6311076 2.6183329 2.6285176 2.6401985 2.6730406
 2.614304  2.6148503 2.6162696 2.6750693 2.7673233 2.8917158 3.0256615
 3.095617  3.2660387 3.507973  3.8703275 4.2533174 4.5641    4.783032
 4.897288  4.956673  5.006887  5.0562897 5.1096115 5.1481485 5.201505
 5.2636876 5.3040733 5.334315  5.3647494 5.387942  5.3907366 5.415321
 5.434231  5.4593678 5.48331   5.4899774 5.5095887 5.5247    5.539203
 5.5538654 5.5652676 5.5878882 5.6193175 5.6552157 5.6899695 5.7345834
 5.780182  5.8025975 5.814724  5.8142304 5.806617  5.8010316 5.787324
 5.767792  5.7541404 5.720767  5.7070007 5.6958094 5.691059  5.6790833
 5.676617  5.6696587 5.65039   5.654386  5.651631  5.6449747 5.629624
 5.619898  5.6177373 5.6105824 5.6133146 5.5837765 5.5693746 5.540288
 5.507144  5.482474  5.440891  5.409216  5.366723  5.347097  5.3446407
 5.3288713 5.2745743 5.217378  5.1606607 5.088043  5.014931  4.977365
 4.9293485 4.8680377 4.716557  4.5793877 4.450858  4.354418  4.2373753
 4.101338  3.9227014 3.7933066 3.6228669 3.460355  3.2582319 3.1176324
 2.9281554 2.7411296 2.6447616 2.614214  2.6352248 2.7023296 2.7124972
 2.7613542 2.7802732 2.717427  2.7237165 2.7513752 2.8653796 3.0232053
 3.2007163 3.3428497 3.575663  3.89009   4.223546  4.4920774 4.746793
 4.8919444 4.9749126 5.0701566 5.116956  5.1324873 5.1621346 5.214309
 5.2614193 5.304415  5.3320007 5.360962  5.3756967 5.3799314 5.3901887
 5.409104  5.445765  5.4702272 5.4847755 5.5266094 5.552875  5.566353
 5.5933137 5.605266  5.6235332 5.644675  5.6678915 5.6912084 5.7119465
 5.728728  5.738895  5.7506814 5.760232  5.7595143 5.7505784 5.7335377
 5.702305  5.6752105 5.658819  5.652256  5.629057  5.6165266 5.6309886
 5.6405    5.6480346 5.6558146 5.6710787 5.6648836 5.6474657 5.641301
 5.628475  5.624512  5.6301556 5.6322417 5.60656   5.5906587 5.5740128
 5.552509  5.501172  5.474288  5.419807  5.361454  5.3258476 5.2933955
 5.234963  5.1787868 5.106139  5.0431175 4.9582324 4.9058847 4.77709
 4.699175  4.6119485 4.4472656 4.331617  4.203661  4.0368795 3.8834374
 3.7251124 3.5654151 3.3963926 3.2264285 3.059366  2.9202466 2.826946
 2.77218   2.7395096 2.7165816 2.6952085 2.675239  2.6569993 2.6414146
 2.6288688 2.6189578 2.663775  2.6910381 2.6664765 2.5765998 2.5418324
 2.5119376 2.6463118 2.6129682 2.7009559 2.794776  2.9158611 3.093906
 3.3025482 3.5291479 3.8317893 4.1688704 4.4887176 4.6875777 4.8752766
 4.963664  5.0058966 5.0638027 5.102651  5.146516  5.182909  5.217691
 5.250683  5.2958503 5.3313727 5.3252277 5.3354406 5.353781  5.3630257
 5.3785367 5.3895416 5.4001374 5.411453  5.4204154 5.428929  5.426797
 5.4388094 5.4710183 5.5008574 5.5252414 5.5531597 5.581921  5.602288
 5.612147  5.6115007 5.6040363 5.5748568 5.535934  5.513433  5.4776807
 5.4399357 5.444     5.40839   5.3871064 5.3747253 5.332395  5.302598
 5.3189764 5.3043833 5.276134  5.2524843 5.2240324 5.16296   5.122653
 5.0941277 5.068513  4.9574704 4.886537  4.8672433 4.815273  4.791806
 4.771741  4.7521596 4.6846647 4.626452  4.598159  4.5541844 4.536253
 4.498841  4.4315004 4.355045  4.2597814 4.153463  4.047967  3.9430547
 3.8357701 3.7241201 3.6084182 3.4864652 3.3596692 3.232956  3.112451
 3.0062902 2.9200006 2.8541613 2.8051798 2.7674885 2.7365234 2.7094898
 2.685239  2.6636434 2.644931  2.6292372 2.6164532 2.6061726 2.597689
 2.5900242 2.5820117 2.5724244 2.5601227 2.5441844 2.5240216 2.4994638
 2.4708018 2.4387627 2.4044197 2.3690412 2.3339174 2.3001914 2.2687392
 2.2401116 2.2145386 2.1919847 2.1722202 2.1548984 2.1396143 2.125948
 2.1134925 2.1018693 2.0907364 2.0797935 2.0687873 2.0575154 2.0458272
 2.033627  2.0208745 2.00758   1.9937999 1.9796296 1.9651922 1.9506289
 1.9360868 1.9217092 1.9076262 1.8939486 1.8807632 1.8681313 1.8560883
 1.8446468 1.833799  1.823521  1.813777 ]","[3.6534393 3.5528054 3.598207  3.6139653 3.6119435 3.4570706 3.3770192
 3.3264666 3.2974508 3.307488  3.3439167 3.363181  3.3494475 3.305103
 3.260136  3.2111495 3.1654873 3.1315346 3.1095128 3.1022546 3.1090655
 3.1197102 3.1392708 3.1655369 3.199602  3.2414277 3.2882864 3.330854
 3.3768735 3.4228096 3.4684572 3.5106144 3.5427182 3.5739083 3.597337
 3.614572  3.6283307 3.6387792 3.6464758 3.655874  3.6615083 3.6593788
 3.6561675 3.6547146 3.6451454 3.6402209 3.6526647 3.6856964 3.7185812
 3.741228  3.7635307 3.8050113 3.8348062 3.9019763 4.0124903 4.0982404
 4.161909  4.2363887 4.312159  4.3827014 4.4354944 4.48275   4.5849657
 4.703977  4.8157105 4.979903  5.0935555 5.1457186 5.162452  5.101951
 5.043925  4.9736586 4.870711  4.7567334 4.6042366 4.4294505 4.258606
 4.1244593 4.0250897 3.9228702 3.8084486 3.7121556 3.6718762 3.7007968
 3.758639  3.8407001 3.9159334 3.9807732 4.018382  4.07843   4.094133
 4.083483  4.0397935 4.0257373 4.0077596 4.005549  4.0311832 4.050101
 4.0701246 4.021482  3.9606836 3.881539  3.8214214 3.7596054 3.6946158
 3.6272013 3.5676036 3.5115447 3.4591007 3.3927245 3.3626537 3.3316703
 3.2696195 3.1732686 3.0595307 2.9598944 2.8738472 2.7892852 2.6944609
 2.5918577 2.4827988 2.4078054 2.3358285 2.2950792 2.2574906 2.2515054
 2.2556655 2.2877364 2.3380659 2.4022655 2.4784074 2.56522   2.663661
 2.7656195 2.8705552 2.9746852 3.0677056 3.1581697 3.242745  3.3183277
 3.3985083 3.4684033 3.5341563 3.5957482 3.6477118 3.685686  3.6935334
 3.6845937 3.682288  3.6902473 3.7006953 3.724653  3.7608473 3.775188
 3.7636158 3.7564552 3.8013299 3.9098227 4.0101237 4.0633116 4.0844507
 4.1124654 4.1724935 4.1970944 4.205563  4.2525196 4.329496  4.3929
 4.4946904 4.686518  4.8501973 4.985571  5.074289  5.065472  5.0078187
 4.893449  4.734329  4.6092095 4.497777  4.3826857 4.27042   4.1216645
 3.9684849 3.8448603 3.7636933 3.7223263 3.7060866 3.7240958 3.7331595
 3.7750816 3.794968  3.8235312 3.8427997 3.9033415 3.9729865 4.010445
 3.999872  3.9630933 3.9446137 3.9188132 3.92617   3.942552  4.0097475
 4.069254  4.0813136 4.0401483 4.0147476 3.9332623 3.8368611 3.7129807
 3.6118932 3.5048516 3.4097311 3.323813  3.2229455 3.1268327 3.0379617
 2.979356  2.960191  2.9671803 2.9573123 2.9185283 2.835145  2.7301953
 2.6425903 2.571907  2.50627   2.4263916 2.3799531 2.347888  2.3330402
 2.3426151 2.3757112 2.4284496 2.4918914 2.5767353 2.6774445 2.7864053
 2.905922  3.0253296 3.127007  3.2104976 3.2891479 3.3546479 3.402861
 3.4466317 3.4914894 3.532796  3.5671718 3.6206021 3.6639    3.689967
 3.7185972 3.7537909 3.7903037 3.8317332 3.8798919 3.9191704 3.982121
 4.059677  4.0934963 4.203093  4.357465  4.4568443 4.5794597 4.7593985
 4.9612064 5.1268353 5.255655  5.3630533 5.457657  5.5501375 5.643672
 5.729255  5.796846  5.8441796 5.873916  5.8935943 5.9084487 5.921667
 5.9352083 5.9497137 5.8493977 5.717866  5.605662  5.5562577 5.537555
 5.5249662 5.379668  5.2071524 5.0295277 4.8047457 4.598559  4.393481
 4.1601257 3.9373488 3.7369287 3.593522  3.5357673 3.5392132 3.5628648
 3.6022387 3.6243014 3.668589  3.6996152 3.7297416 3.7524807 3.7730095
 3.7882757 3.7764206 3.757472  3.7602706 3.7720218 3.7799268 3.7611635
 3.7335489 3.6918955 3.6382039 3.5753253 3.5016665 3.4194472 3.358106
 3.2999907 3.2119565 3.0749445 2.9362268 2.8178334 2.7189403 2.6297653
 2.5444229 2.4555197 2.3630936 2.2969918 2.264855  2.2280793 2.202002
 2.1637795 2.0522628 1.9525496 1.83698   1.7454375 1.6848174 1.6458215
 1.606723  1.5775375 1.5585458 1.5521512 1.558804  1.5822229 1.6204826
 1.6644068 1.719188  1.8372533 1.9706155 2.080593  2.2488375 2.4209762
 2.5864446 2.7633727 3.0885482 3.449663  3.7140439 4.0063596 4.264364
 4.4559813 4.6055655 4.7349415 4.8485503 4.9489365 5.04171   5.1258655
 5.198899  5.260159  5.3119035 5.357091  5.398536  5.4417033 5.490025
 5.5454597 5.6064568 5.66807   5.7249355 5.773128  5.8114524 5.8409905
 5.863983  5.882775  5.8992343 5.9145904 5.929539  5.9443755 5.9590783
 5.973355  5.98668   5.9983373 6.007494  6.013316  6.0151086 6.0124474
 6.0052814 5.9939656 5.9792128 5.9619927 5.9433875 5.924446  5.9060655
 5.8889236 5.8734536 5.859866  5.848186  5.838301  5.830007  5.8230457
 5.817134  5.811986  5.8073287 5.8029127 5.7985168 5.7939553 5.789079
 5.783782  5.7779956 5.771692  5.7648797 5.7576017 5.749925  5.7419353
 5.733729  5.725405  5.717057  5.7087684 5.7006083 5.69263   5.6848702
 5.6773505 5.670078  5.6630487 5.656252 ]",TTT-L,61
1,10,318,HOME,constantx5b5,,214,,247,,33,2.05456280708313,2.05456280708313,True,"        loc_x     loc_y  ...  wind_angle_ground_dt1  wind_speed_ground_dt1
204  0.169266 -0.059146  ...                    0.0                    0.0
205  0.170202 -0.058730  ...                    0.0                    0.0
206  0.171135 -0.058243  ...                    0.0                    0.0
207  0.172067 -0.057679  ...                    0.0                    0.0
208  0.172992 -0.057038  ...                    0.0                    0.0
209  0.173936 -0.056291  ...                    0.0                    0.0
210  0.174865 -0.055456  ...                    0.0                    0.0
211  0.175801 -0.054501  ...                    0.0                    0.0
212  0.176736 -0.053420  ...                    0.0                    0.0
213  0.177646 -0.052224  ...                    0.0                    0.0
214  0.178527 -0.050901  ...                    0.0                    0.0
215  0.179364 -0.049454  ...                    0.0                    0.0
216  0.180113 -0.047951  ...                    0.0                    0.0
217  0.180796 -0.046330  ...                    0.0                    0.0
218  0.181388 -0.044641  ...                    0.0                    0.0
219  0.181876 -0.042906  ...                    0.0                    0.0
220  0.182260 -0.041118  ...                    0.0                    0.0
221  0.182534 -0.039297  ...                    0.0                    0.0
222  0.182694 -0.037458  ...                    0.0                    0.0
223  0.182739 -0.035605  ...                    0.0                    0.0
224  0.182668 -0.033748  ...                    0.0                    0.0

[21 rows x 63 columns]","[-0.003767948006739713, -0.0037390691137741128, -0.0036230984509745545, -0.0035146312287724635, -0.0033742411048433285, -0.0033277940633751057, -0.003149392358804126, -0.003038735716864027, -0.002886818341324149, -0.0026504322425355276, -0.0023915457947762397, -0.002078134320247088, -0.001646340070519392, -0.0012602573267929407, -0.0008100836975986903, -0.00033972586560779283, 0.00013801246228115072, 0.0006235826574611802, 0.0011088149394256064, 0.0015962391530141562, 0.0020806662800389175]","[3.538494  3.6129959 3.7180073 4.0132194 4.2560015 4.454798  4.591454
 4.7207217 4.7944255 4.860035  4.9154506 4.9757376 5.0413203 5.085934
 5.108897  5.135915  5.164224  5.1783943 5.201907  5.2099614 5.226259
 5.2460284 5.2506766 5.2692037 5.292704  5.3077826 5.3375597 5.377298
 5.4198594 5.4693904 5.515101  5.5584493 5.5915065 5.608341  5.614534
 5.611525  5.5873017 5.55928   5.530214  5.49178   5.4501057 5.4029083
 5.374685  5.342422  5.3178506 5.2889752 5.261788  5.2360168 5.215215
 5.1821375 5.149455  5.112485  5.0612674 5.022503  5.015517  4.977811
 4.95846   4.9348984 4.906591  4.9029646 4.889093  4.876144  4.884129
 4.879288  4.86635   4.856637  4.8612475 4.8416605 4.828015  4.7816057
 4.7451634 4.6906185 4.607805  4.525374  4.424025  4.301759  4.1854405
 4.054556  3.9252543 3.7989516 3.6580727 3.5086331 3.3547697 3.200996
 3.058466  2.9398644 2.8505318 2.7856855 2.7378244 2.6988838 2.6634738
 2.6297126 2.5971959 2.5664375 2.5382159 2.5129468 2.4907763 2.471571
 2.4547417 2.4393094 2.4240198 2.4075015 2.3884552 2.3658051 2.3388193
 2.307205  2.2711449 2.2312803 2.1886392 2.1445127 2.1002975 2.0573318
 2.016756  1.9794196 1.9458508 1.9162714 1.8906485 1.8687567 1.8502407
 1.8346682 1.8215696 1.8104694 1.8009099 1.7921631 1.7794311 1.7742622
 1.7681597 1.7654039 1.7594882 1.7511606 1.74418   1.7367052 1.7284579
 1.7205215 1.7123172 1.7039145 1.6965142 1.6893966 1.6828545 1.6769893
 1.6716456 1.6669716 1.6623023 1.6455407 1.6421819 1.64831   1.6662428
 1.64914   1.6486038 1.6529896 1.7079198 1.726245  1.8658044 1.9864981
 2.1452534 2.5727236 2.8626277 3.1077664 3.3893585 3.6570907 3.9596705
 4.2449374 4.477429  4.6449065 4.7598205 4.842099  4.9004364 4.9482036
 4.97866   4.9869275 5.0262403 5.064598  5.0909963 5.1193533 5.1417174
 5.1803703 5.2080283 5.2237735 5.238842  5.24728   5.25361   5.2566624
 5.2575936 5.2568274 5.2546606 5.2512155 5.2468805 5.242133  5.237273
 5.215721  5.176845  5.161668  5.172533  5.178211  5.1852827 5.195463
 5.2014203 5.201476  5.194841  5.1840987 5.1713347 5.156887  5.141281
 5.1252966 5.1092434 5.0932283 5.093436  5.0850086 5.070962  5.003376
 4.9646964 4.891927  4.8161325 4.7458906 4.6631227 4.580008  4.5492754
 4.4414387 4.3751864 4.3076835 4.214149  4.14256   4.0829825 4.0131226
 3.9518876 3.899064  3.8438497 3.7890944 3.735817  3.6803415 3.624619
 3.568824  3.5121472 3.4540217 3.3939857 3.3311422 3.2635465 3.1894534
 3.1062813 3.0112054 2.9015293 2.775276  2.6324482 2.4768505 2.31885
 2.1777153 2.0784552 2.0368688 2.0442789 2.0748553 2.1059585 2.127411
 2.13887   2.1441681 2.1472266 2.1503575 2.1542363 2.1584415 2.1619072
 2.163216  2.1608987 2.153734  2.1409435 2.12224   2.0978177 2.068346
 2.0349364 1.9990361 1.9622496 1.9261351 1.8920285 1.8609318 1.8334672
 1.8098984 1.790191  1.7740943 1.7612166 1.7510897 1.743216  1.7371032
 1.7322874 1.7283493 1.7249264 1.7217199 1.7184987 1.7150992 1.7114227
 1.7074276 1.7031213 1.69855   1.6937855 1.6889172 1.6840392 1.679243
 1.6746117 1.6702136 1.6661004 1.6623065 1.65885   1.6557328 1.6529436
 1.6504618 1.6482587 1.6463012 1.6445538 1.6429814 1.6415502 1.6402301
 1.6389946 1.6378214 1.6366934 1.6355977 1.6345251 1.6334704 1.6324315
 1.631408  1.6304013 1.6294141]","[3.6227026 3.5471995 3.5532808 3.5681975 3.6521885 3.703779  3.7680407
 3.834918  3.8765197 3.9096396 3.9349024 3.9275155 3.8971124 3.8481221
 3.8516994 3.8432033 3.8399873 3.80659   3.767826  3.7348092 3.6927707
 3.6451585 3.6101048 3.5735629 3.51876   3.464372  3.4191294 3.3761258
 3.3204699 3.2649684 3.2144701 3.1527002 3.087454  3.0141153 2.9361155
 2.819248  2.7261298 2.6207042 2.5268688 2.4267695 2.34521   2.2811778
 2.1828768 2.0811868 1.9539487 1.8421997 1.7465744 1.6789551 1.6264982
 1.6015613 1.5929651 1.6059017 1.6519247 1.7092904 1.740325  1.8035693
 1.8681562 1.9480852 2.053539  2.1605306 2.2902534 2.4430487 2.5879195
 2.751449  2.9387717 3.1232178 3.2788303 3.4373627 3.5797462 3.7174983
 3.83307   3.9289417 4.0409184 4.156958  4.266497  4.4077077 4.567278
 4.7362266 4.9130936 5.0613585 5.1752977 5.2643566 5.335417  5.397911
 5.4610367 5.5292754 5.6015377 5.66945   5.7264295 5.7700815 5.8011227
 5.8227267 5.8382316 5.8502927 5.860771  5.870631  5.880297  5.8899584
 5.89955   5.908773  5.9171343 5.92395   5.9284143 5.929695  5.9270625
 5.920034  5.9084754 5.8926363 5.873132  5.850861  5.826874  5.802234
 5.7778964 5.754618  5.7329264 5.7131214 5.695304  5.6794233 5.6653194
 5.6527658 5.641504  5.6312695 5.621813  5.5974107 5.5909376 5.5894575
 5.5816946 5.5786524 5.5708885 5.562045  5.554776  5.546764  5.5384164
 5.5304527 5.5224447 5.5144153 5.5072913 5.5004077 5.493971  5.488028
 5.4824705 5.4774346 5.426075  5.4021316 5.4225936 5.4314384 5.3572097
 5.362771  5.3669753 5.3815765 5.271039  5.1156306 4.887348  4.651621
 4.4426484 4.178024  3.8828623 3.6515207 3.4256694 3.269682  3.1783395
 3.1299956 3.1390986 3.1631222 3.1937294 3.227042  3.2553492 3.2838404
 3.3111634 3.3435507 3.372355  3.394665  3.4023333 3.4099874 3.4118478
 3.4007058 3.3798547 3.3505569 3.322048  3.286363  3.2445662 3.195615
 3.139816  3.076896  3.0066872 2.9292297 2.8448853 2.7541342 2.6577117
 2.5649722 2.4908972 2.4198778 2.3264105 2.2195663 2.122272  2.0409458
 1.9678586 1.9048756 1.8494202 1.8042107 1.7699504 1.7458913 1.7318172
 1.7271781 1.7303272 1.7398673 1.7513334 1.7662467 1.7813096 1.8094525
 1.8372625 1.9014384 1.9890234 2.0990891 2.2556808 2.4653618 2.4926088
 2.7262862 2.870533  2.9298651 2.9708552 3.0140212 3.0387359 3.032821
 3.0331893 3.0401728 3.05084   3.068351  3.0943553 3.1275363 3.1667829
 3.2140126 3.2704642 3.335536  3.4100738 3.4946945 3.5890243 3.6924665
 3.804169  3.9229999 4.048055  4.17917   4.31731   4.464774  4.6247525
 4.799534  4.9866114 5.1745076 5.344825  5.482121  5.5816054 5.6483564
 5.6919637 5.7216363 5.743888  5.762422  5.7789183 5.793831  5.8069534
 5.81776   5.825597  5.8297977 5.829786  5.8251615 5.815804  5.801963
 5.7842865 5.76375   5.741502  5.7186947 5.6963434 5.675241  5.6559176
 5.6386538 5.623519  5.610426  5.5991817 5.589534  5.581203  5.5739117
 5.567401  5.5614395 5.555836  5.550435  5.545123  5.539823  5.534492
 5.5291166 5.523708  5.518293  5.5129123 5.507612  5.5024414 5.497443
 5.492657  5.488113  5.483831  5.479822  5.476089  5.4726253 5.469418
 5.4664493 5.463699  5.4611425 5.4587574 5.4565206 5.45441   5.452408
 5.450496  5.4486613 5.4468913 5.445178  5.443514  5.441894  5.440316
 5.438778  5.437278  5.435815 ]",TTT-L,33
2,96,261,HOME,constantx5b5,,204,,234,,30,2.05456280708313,2.05456280708313,True,"        loc_x     loc_y  ...  wind_angle_ground_dt1  wind_speed_ground_dt1
194  0.093545 -0.047619  ...                    0.0                    0.0
195  0.094278 -0.047056  ...                    0.0                    0.0
196  0.094977 -0.046446  ...                    0.0                    0.0
197  0.095665 -0.045765  ...                    0.0                    0.0
198  0.096409 -0.044929  ...                    0.0                    0.0
199  0.097130 -0.044008  ...                    0.0                    0.0
200  0.097828 -0.042993  ...                    0.0                    0.0
201  0.098521 -0.041833  ...                    0.0                    0.0
202  0.099147 -0.040620  ...                    0.0                    0.0
203  0.099701 -0.039358  ...                    0.0                    0.0
204  0.100208 -0.037971  ...                    0.0                    0.0
205  0.100669 -0.036417  ...                    0.0                    0.0
206  0.101043 -0.034783  ...                    0.0                    0.0
207  0.101331 -0.033028  ...                    0.0                    0.0
208  0.101513 -0.031213  ...                    0.0                    0.0
209  0.101582 -0.029369  ...                    0.0                    0.0
210  0.101537 -0.027512  ...                    0.0                    0.0
211  0.101375 -0.025656  ...                    0.0                    0.0
212  0.101097 -0.023817  ...                    0.0                    0.0
213  0.100705 -0.021996  ...                    0.0                    0.0
214  0.100199 -0.020201  ...                    0.0                    0.0

[21 rows x 63 columns]","[-0.002125981759085599, -0.0020043199598653028, -0.0017828859075747633, -0.0016126206599392096, -0.0015807534333898282, -0.0013554410570872782, -0.0011153470431621987, -0.0008842610373749338, -0.0005527574820384656, -0.00021396982009258547, 0.00013613240247574432, 0.000540696987954975, 0.0009545569523267822, 0.00142349449727526, 0.0018705268884997711, 0.0023015609334157278, 0.002724934851924682, 0.003135530714536705, 0.003530635653745881, 0.003926983247120874, 0.004319968737000329]","[2.7855842 2.4838586 2.202504  2.1040652 2.1438081 2.0837712 2.13697
 2.191249  2.2438734 2.2797709 2.2895775 2.3080437 2.321329  2.3249397
 2.3307352 2.3368504 2.3405719 2.342129  2.355693  2.3382437 2.273257
 2.2387471 2.256201  2.1950512 2.199234  2.2371705 2.3098505 2.2043164
 2.3618052 2.4269762 2.6745355 2.850405  3.1213558 3.4030738 3.695771
 4.0292177 4.3828773 4.6583076 4.8300014 4.9392495 4.971315  5.001139
 5.046566  5.08284   5.124351  5.1622543 5.1996436 5.234862  5.266629
 5.295827  5.321498  5.357705  5.383198  5.3970137 5.4119363 5.418334
 5.4225993 5.423956  5.403974  5.3982215 5.419901  5.424236  5.431188
 5.4355416 5.4311647 5.475839  5.5288095 5.5771074 5.6164217 5.647985
 5.6609526 5.6579165 5.6457753 5.618852  5.6251874 5.608281  5.580591
 5.5657434 5.5086875 5.472132  5.4821076 5.4443192 5.4470897 5.4556384
 5.447483  5.4098577 5.4161773 5.442402  5.4480124 5.4543366 5.4543734
 5.452918  5.4441085 5.4370136 5.4295473 5.420253  5.361451  5.264981
 5.2533293 5.2569766 5.266528  5.2759066 5.1965747 5.0932374 5.0541835
 5.0401    4.976368  4.9288626 4.867514  4.7546387 4.626414  4.5034356
 4.4845343 4.4265933 4.2447    4.139211  3.8525066 3.6552927 3.4693525
 3.262752  3.0570695 2.8738818 2.718834  2.633164  2.6046357 2.6062021
 2.6020803 2.5955324 2.587349  2.5784047 2.5725527 2.5680737 2.5635777
 2.5585325 2.5521765 2.5987675 2.5980089 2.6693988 2.7297032 2.7110236
 2.7369416 2.760556  2.8157701 2.8979445 3.0201    3.181754  3.3966682
 3.7695987 4.1435733 4.4612465 4.7078133 4.867864  4.9672103 4.965833
 4.984478  5.0313168 5.10515   5.171896  5.209045  5.2538466 5.2834196
 5.310471  5.3318934 5.347947  5.362884  5.3743334 5.384134  5.3912077
 5.396212  5.398804  5.399761  5.399602  5.39912   5.3995223 5.4018817
 5.4075403 5.417335  5.4313135 5.4481616 5.4651775 5.4789453 5.4865003
 5.48619   5.477791  5.462055  5.4401817 5.413485  5.383208  5.350409
 5.265946  5.211798  5.1780405 5.1380167 5.0976152 5.0626383 5.0325503
 5.045902  5.034406  4.892138  4.8243713 4.792791  4.729467  4.729027
 4.715898  4.636726  4.495132  4.4187236 4.3086    4.2234325 4.132116
 4.03254   3.9587092 3.9054112 3.853222  3.8051116 3.7605588 3.7143805
 3.6672914 3.6211567 3.573584  3.52493   3.473919  3.4185512 3.356002
 3.28335   3.197617  3.0953417 2.9739666 2.8319726 2.6702425 2.494345
 2.318313  2.1680489 2.0744743 2.0502744 2.0760508 2.1195166 2.1590164
 2.1879957 2.2085078 2.2245677 2.238778  2.2517881 2.2630203 2.2714055
 2.275751  2.274943  2.268171  2.2551157 2.2360017 2.211538  2.182832
 2.1512914 2.1184871 2.0859663 2.0550644 2.0267775 2.0017128 1.9801096
 1.961904  1.9468166]","[3.838499  4.1804795 4.3449383 4.7641745 5.0977316 5.2950673 5.5030456
 5.614197  5.698076  5.76133   5.781215  5.8043385 5.8276243 5.8415017
 5.8570604 5.8754487 5.8907185 5.9014254 5.8113456 5.706165  5.683092
 5.648058  5.5556507 5.5196223 5.4409366 5.2932005 5.116489  5.023323
 4.8991985 4.747323  4.56364   4.3171387 4.0826573 3.8581626 3.6613247
 3.5432627 3.4908047 3.4851654 3.4922225 3.5117605 3.5554993 3.604792
 3.663552  3.705045  3.7431526 3.775429  3.803251  3.8239293 3.8370595
 3.843285  3.841192  3.8108833 3.7701986 3.7199903 3.6726644 3.616745
 3.5542002 3.483893  3.432376  3.3808944 3.293442  3.1730502 3.0494723
 2.9707735 2.990843  3.0542269 3.122588  3.1037836 3.1090114 3.0084836
 2.935537  2.8008082 2.70437   2.5897205 2.4289966 2.2675786 2.1249847
 2.0198033 1.9842494 1.9767209 1.9731998 1.9999915 2.0183725 2.0528312
 2.101977  2.1960223 2.284262  2.3804717 2.4911618 2.6039357 2.7082014
 2.8154569 2.9239619 3.0254788 3.115617  3.193966  3.277161  3.3965561
 3.49414   3.54361   3.577163  3.5836086 3.5874145 3.6387715 3.6816041
 3.6909077 3.7044294 3.7177906 3.7089221 3.7288508 3.799579  3.8858535
 3.8689852 3.7924838 3.8243682 3.8633444 4.0147786 4.389649  4.7138186
 4.9666033 5.1728168 5.3447824 5.4949465 5.6295424 5.739158  5.824906
 5.874313  5.900078  5.9169636 5.9305153 5.9452295 5.9609847 5.976517
 5.991597  5.9637375 5.8015394 5.6139674 5.381654  5.1053557 4.860893
 4.653595  4.45908   4.2983055 4.1393375 3.983237  3.833132  3.6868682
 3.5541613 3.459217  3.4304168 3.4531815 3.4909122 3.5231018 3.5745597
 3.6451685 3.7274256 3.7381177 3.7397487 3.7298124 3.7404802 3.7439623
 3.7434645 3.736882  3.7227514 3.7026749 3.673901  3.6375306 3.5924342
 3.5380187 3.473947  3.400201  3.3168373 3.2242973 3.123701  3.0167162
 2.9062018 2.795799  2.689549  2.590705  2.5003073 2.4166229 2.3359468
 2.2542775 2.168802  2.0785239 1.984218  1.8880379 1.7929493 1.7021567
 1.6712599 1.6473719 1.6216058 1.5821276 1.5387524 1.4941148 1.4614484
 1.425315  1.4078006 1.4913139 1.5769718 1.6444579 1.7483294 1.7749885
 1.7699178 1.8452116 2.1784391 2.4266129 2.814703  3.034613  3.1221335
 3.1324952 3.1183565 3.1190622 3.122977  3.1425047 3.173874  3.216039
 3.2668362 3.3259583 3.394106  3.4706054 3.555843  3.6501162 3.751748
 3.8594296 3.9717655 4.087489  4.2061977 4.3287654 4.457572  4.5966353
 4.751023  4.9241095 5.1117024 5.2974477 5.4593396 5.5832915 5.6688466
 5.7249184 5.7626705 5.7908373 5.814532  5.8360057 5.8557634 5.873417
 5.888231  5.899418  5.906299  5.9084167 5.9056163 5.8980894 5.886381
 5.871366  5.854155  5.835932  5.817782  5.8005795 5.7849383 5.7712073
 5.759503  5.7497597]",TTT-L,30
3,2,246,HOME,constantx5b5,,171,,222,,51,2.05456280708313,2.05456280708313,True,"        loc_x     loc_y  ...  wind_angle_ground_dt1  wind_speed_ground_dt1
161  0.118956 -0.049658  ...                    0.0                    0.0
162  0.119953 -0.049029  ...                    0.0                    0.0
163  0.120936 -0.048320  ...                    0.0                    0.0
164  0.121927 -0.047505  ...                    0.0                    0.0
165  0.122938 -0.046562  ...                    0.0                    0.0
166  0.123914 -0.045529  ...                    0.0                    0.0
167  0.124863 -0.044389  ...                    0.0                    0.0
168  0.125763 -0.043158  ...                    0.0                    0.0
169  0.126603 -0.041844  ...                    0.0                    0.0
170  0.127381 -0.040440  ...                    0.0                    0.0
171  0.128105 -0.038916  ...                    0.0                    0.0
172  0.128751 -0.037300  ...                    0.0                    0.0
173  0.129315 -0.035585  ...                    0.0                    0.0
174  0.129779 -0.033808  ...                    0.0                    0.0
175  0.130134 -0.031991  ...                    0.0                    0.0
176  0.130376 -0.030146  ...                    0.0                    0.0
177  0.130502 -0.028287  ...                    0.0                    0.0
178  0.130511 -0.026426  ...                    0.0                    0.0
179  0.130404 -0.024566  ...                    0.0                    0.0
180  0.130181 -0.022714  ...                    0.0                    0.0
181  0.129841 -0.020879  ...                    0.0                    0.0

[21 rows x 63 columns]","[-0.003435475212030664, -0.003407837991728918, -0.003225377071135044, -0.0031163284851234985, -0.0030251041672470225, -0.002768848678358915, -0.002524834146714894, -0.0022200044298344157, -0.0018825803941081853, -0.0015365753882982947, -0.0011938564842840782, -0.0007998069576485578, -0.00038420690367690913, 5.8547163849925754e-05, 0.0005104388789570202, 0.0009647891616476612, 0.0014162524092417583, 0.0018629201832008613, 0.002309220343001267, 0.002751621517733116, 0.003189797379679199]","[3.9148467 4.451159  5.0425344 5.428465  5.655584  5.801927  5.921245
 6.0463443 6.126301  6.168568  6.1979837 6.204943  6.1889143 6.1600246
 6.1166615 6.0610175 5.999427  5.931234  5.8578825 5.7821264 5.70433
 5.626072  5.547904  5.4701023 5.3932257 5.316948  5.2409396 5.1645255
 5.086619  5.0061374 4.9218316 4.8324037 4.7366066 4.633127  4.5206156
 4.397661  4.262756  4.1143465 3.9509103 3.771138  3.5742686 3.3605807
 3.1320727 2.893202  2.6514122 2.4170644 2.2024243 2.0194552 1.8761649
 1.77324   1.7049154 1.6630932 1.6402142 1.6304718 1.6300993 1.636842
 1.6492674 1.6662034 1.6863773 1.7083257 1.730476  1.7512878 1.7694049
 1.7837894 1.7938017 1.799207  1.8001279 1.7969676 1.7903341 1.7809676
 1.7696755 1.75727   1.744513  1.7320715 1.720486  1.7101551 1.7013338
 1.6941439 1.6885927 1.6845961 1.6820034 1.6806186 1.680223  1.6805903
 1.6815022 1.6827582 1.6841847 1.6856384 1.6870105 1.6882261 1.6892433
 1.6900504 1.690661  1.6911106 1.6914501 1.6917411 1.692051  1.6924491
 1.6930017 1.693771  1.6948113 1.6961697 1.6978837 1.6999834 1.7024912
 1.705423  1.7087902 1.7138312 1.7775857 1.8623954 2.1298566 2.5061123
 3.3392649 3.8213897 4.0668035 4.320039  4.550286  4.781758  4.920141
 5.0044484 4.969914  4.879475  4.851922  4.8687973 4.9540024 5.079332
 5.151831  5.193532  5.22422   5.2441773 5.259039  5.2696123 5.3234677
 5.277159  5.24663   5.2515993 5.2446833 5.2468557 5.246664  5.247389
 5.2470813 5.245571  5.2139163 5.1964226 5.191352  5.184838  5.1837797
 5.1846156 5.186773  5.1887765 5.18948   5.188681  5.2259793 5.2012796
 5.2178054 5.225934  5.2178645 5.1572776 5.1233797 5.1053905 5.1322803
 5.1341944 5.0656724 5.028649  4.9606624 4.876805  4.8352857 4.7782407
 4.745095  4.6955476 4.6333966 4.520313  4.4268055 4.3169866 4.2330456
 4.141504  4.0497766 3.9799373 3.9202929 3.8612385 3.8050485 3.7505238
 3.6950648 3.639118  3.5835435 3.5275686 3.4727843 3.4193668 3.3669572
 3.3148007 3.2617874 3.2059574 3.1442647 3.0736294 2.991441  2.896896
 2.7918382 2.6813433 2.574048  2.4814622 2.4142992 2.3759    2.3591933
 2.351934  2.344049  2.3306355 2.3112597 2.2880006 2.263633  2.2405794
 2.2205849 2.2046971 2.1932223 2.1856444 2.1806693 2.1764588 2.170965
 2.1622362 2.1486592 2.12915   2.1032968 2.07143   2.0345829 1.9943408
 1.9526042 1.9113125 1.8721899 1.8365655 1.8052934 1.7787648 1.7569829
 1.7396628 1.7263315 1.7164092 1.7092736 1.7043034 1.7009112 1.6985639
 1.6967993 1.6952344 1.6935714 1.6915973 1.6891793 1.6862575 1.6828334
 1.6789577]","[3.779094  4.2681456 4.858092  5.3040795 5.556539  5.69062   5.8421206
 5.974496  6.0669613 6.1486173 6.2289734 6.2975545 6.3561115 6.405674
 6.4448605 6.4760184 6.5033894 6.5257716 6.5442653 6.5611773 6.5770073
 6.593368  6.610237  6.627493  6.6448193 6.6609173 6.6747327 6.685001
 6.6905065 6.690389  6.6838884 6.670468  6.649747  6.6213737 6.5850554
 6.5405135 6.4874806 6.4257617 6.355299  6.276291  6.189355  6.095699
 5.997261  5.8967032 5.797157  5.7017603 5.613318  5.5344496 5.4677362
 5.4147835 5.3754454 5.348329  5.3313584 5.322261  5.318932  5.3194647
 5.322164  5.3256445 5.3288608 5.3310843 5.331843  5.3308406 5.327902
 5.3229485 5.316002  5.3071685 5.2966266 5.284612  5.271412  5.25735
 5.2427716 5.2280197 5.2134123 5.1992197 5.185649  5.1728415 5.1608677
 5.1497364 5.1394043 5.129789  5.120779  5.1122513 5.1040754 5.096127
 5.088291  5.0804687 5.0725756 5.0645475 5.0563374 5.047914  5.039263
 5.0303793 5.0212708 5.0119524 5.0024433 4.992766  4.9829416 4.972993
 4.9629374 4.95279   4.9425597 4.932253  4.9218698 4.9114075 4.900858
 4.8902116 4.879456  4.855306  4.694768  4.518821  4.252883  3.949531
 3.63705   3.318811  3.1126263 3.027318  3.029239  3.0552251 3.0485322
 3.052872  3.0328214 3.0373192 3.0919662 3.1589344 3.1991804 3.2159026
 3.207555  3.192742  3.1823215 3.1680815 3.148135  3.1242337 3.1094286
 3.059     3.016929  2.995992  2.9525971 2.9034867 2.8487825 2.789598
 2.7241144 2.6533716 2.574445  2.496849  2.420565  2.3340316 2.249919
 2.1691723 2.0940788 2.0255692 1.9650344 1.9139166 1.8840438 1.8466684
 1.8255295 1.8194959 1.8071502 1.7863545 1.780651  1.7949182 1.8189029
 1.8335325 1.8278843 1.8338867 1.8541585 1.9034384 1.9437565 1.9952419
 2.0281956 2.0655854 2.1136644 2.2779627 2.4679475 2.7817047 2.9551008
 3.0108202 3.0039237 2.9848585 2.9722607 2.9650095 2.9714706 2.9882739
 3.015414  3.051119  3.0972426 3.1534138 3.2211032 3.3026388 3.399351
 3.5109649 3.6367393 3.7744527 3.9205313 4.0711074 4.2229285 4.374129
 4.524463  4.6748986 4.8267684 4.980418  5.1330547 5.277274  5.4031725
 5.503422  5.5764995 5.626027  5.658131  5.6789117 5.6930547 5.7036076
 5.712361  5.7202973 5.727877  5.7351594 5.741833  5.7472577 5.7505307
 5.750606  5.746454  5.7372646 5.722646  5.702751  5.67828   5.6503696
 5.6204014 5.5897794 5.55975   5.5312767 5.505002  5.481259  5.460129
 5.4415054 5.4251575 5.410782  5.3980455 5.386616  5.376183  5.3664727
 5.357254  5.3483424 5.3395987 5.3309274 5.3222694 5.313599  5.3049183
 5.2962475]",TTT-L,51
4,5,237,HOME,constantx5b5,,207,,235,,28,2.05456280708313,2.05456280708313,True,"        loc_x     loc_y  ...  wind_angle_ground_dt1  wind_speed_ground_dt1
197  0.039219 -0.034466  ...                    0.0                    0.0
198  0.039988 -0.033805  ...                    0.0                    0.0
199  0.040740 -0.033070  ...                    0.0                    0.0
200  0.041469 -0.032263  ...                    0.0                    0.0
201  0.042167 -0.031385  ...                    0.0                    0.0
202  0.042826 -0.030440  ...                    0.0                    0.0
203  0.043440 -0.029430  ...                    0.0                    0.0
204  0.044000 -0.028362  ...                    0.0                    0.0
205  0.044502 -0.027240  ...                    0.0                    0.0
206  0.044939 -0.026071  ...                    0.0                    0.0
207  0.045378 -0.024626  ...                    0.0                    0.0
208  0.045773 -0.022953  ...                    0.0                    0.0
209  0.046072 -0.021207  ...                    0.0                    0.0
210  0.046267 -0.019393  ...                    0.0                    0.0
211  0.046350 -0.017545  ...                    0.0                    0.0
212  0.046317 -0.015697  ...                    0.0                    0.0
213  0.046168 -0.013859  ...                    0.0                    0.0
214  0.045905 -0.012031  ...                    0.0                    0.0
215  0.045528 -0.010225  ...                    0.0                    0.0
216  0.045038 -0.008445  ...                    0.0                    0.0
217  0.044438 -0.006696  ...                    0.0                    0.0

[21 rows x 63 columns]","[-0.0009337751386381127, -0.0007513840859627724, -0.0005538292006805959, -0.00034245336664250753, -0.00011885439614750526, 0.0, 0.0, 0.0, 0.0, 0.0011166075253213337, 0.0016233355419802142, 0.002116817506410615, 0.002435204181587547, 0.0027576259172665957, 0.0030402639115888197, 0.0032737673243205673, 0.003504339820035833, 0.003740840318197866, 0.003966834824274228, 0.004192293531754682, 0.004421187112630745]","[3.3120687 3.6141272 3.9915469 4.1699214 4.3530855 4.422098  4.376932
 4.2887907 4.19087   4.096376  3.9939637 3.895074  3.7947648 3.6919637
 3.5866387 3.4782917 3.3651767 3.252685  3.1442325 3.045495  2.9599006
 2.8888037 2.8303766 2.781162  2.7375183 2.6967676 2.6574543 2.6192932
 2.582633  2.5481462 2.5165672 2.488511  2.4643474 2.444042  2.4270341
 2.4122179 2.3980324 2.3826606 2.3642824 2.3413262 2.3126652 2.277745
 2.2366476 2.1900935 2.1393807 2.0862505 2.0326815 1.9806435 1.9318631
 1.8876505 1.848821  1.8157042 1.7882172 1.7659672 1.7483562 1.734669
 1.7241459 1.7160333 1.7096268 1.7042975 1.6995146 1.6948569 1.690017
 1.6847985 1.6791055 1.6729293 1.666329  1.6594139 1.6523238 1.6452117
 1.6382289 1.6315125 1.6251786 1.6193149 1.6139803 1.6092043 1.60499
 1.6013178 1.5981501 1.5954365 1.593118  1.5911329 1.5894195 1.5879196
 1.5865816 1.585361  1.5842224 1.5831392 1.5820929 1.5810732 1.5800763
 1.5791042 1.5781622 1.5772591 1.5764049 1.5756102 1.574885  1.5742383
 1.5736775 1.5732081 1.5728338 1.5725563 1.572376  1.5722916 1.5723014
 1.5724022 1.5725912 1.5728651 1.5732212 1.573657  1.5741712 1.5747623
 1.5754305 1.5761765 1.5770015 1.5779077 1.5788976 1.5799747 1.5811424
 1.582405  1.5837665 1.5852312 1.5868039 1.588489  1.5902914 1.5922157
 1.5942669 1.5964497 1.5987697 1.6012318 1.6038413 1.6066041 1.6095258
 1.6126128 1.6158714 1.6193084 1.6229306 1.6267457 1.630761  1.6349844
 1.7089019 1.8571916 2.0021884 2.5861588 3.475489  4.0383134 4.4036846
 4.6964645 4.890695  5.003745  5.0774336 5.1309147 5.1693625 5.200568
 5.2270513 5.2509055 5.2732644 5.2941136 5.3136253 5.3318624 5.348729
 5.364247  5.378386  5.391086  5.402333  5.4120812 5.420297  5.4269605
 5.4320536 5.4355836 5.4375825 5.438119  5.437309  5.4353247 5.432406
 5.428864  5.4250774 5.4214683 5.4184523 5.41635   5.415274  5.4150167
 5.414989  5.414289  5.411892  5.4069123 5.3988085 5.3874483 5.373047
 5.3560367 5.336957  5.3163695 5.294812  5.2727647 5.250623  5.228685
 5.207142  5.1860857 5.16552   5.1453853 5.125578  5.1059785 5.0864677
 5.0669456 5.0473385 5.0276036 5.00773   4.718465  4.486185  4.396123
 4.277851  4.160258  4.0870852 4.0184646 3.953724  3.9015448 3.8519745
 3.7989385 3.7474349 3.6928174 3.6352448 3.5778894 3.519946  3.4599926
 3.3964143 3.3283575 3.2535727 3.1696875 3.0739577 2.9629576 2.8334742
 2.6826897 2.5093439 2.315847  2.112479  1.9229407 1.7839775]","[3.6818006 3.9889038 4.3853717 4.6216426 4.7681146 4.875222  4.901278
 4.9504547 4.9935956 5.0375085 5.0732903 5.1075883 5.1421075 5.17349
 5.2036943 5.23461   5.267233  5.304694  5.3487144 5.400221  5.4576573
 5.517274  5.574247  5.6244507 5.665597  5.697437  5.721157  5.7386484
 5.751734  5.761915  5.770355  5.777938  5.7853427 5.793047  5.8012514
 5.8098006 5.8181324 5.8253126 5.830157  5.8314066 5.8279147 5.818836
 5.8037786 5.782895  5.756883  5.7268944 5.6943555 5.660754  5.6274405
 5.595488  5.5656304 5.538268  5.5135174 5.4912815 5.471318  5.4533033
 5.4368834 5.421707  5.4074526 5.393843  5.3806543 5.367716  5.3549123
 5.3421755 5.3294806 5.3168387 5.3042855 5.2918754 5.279673  5.267743
 5.2561474 5.2449374 5.2341533 5.22382   5.213948  5.204532  5.1955576
 5.1869974 5.178819  5.170983  5.16345   5.156177  5.149127  5.142263
 5.135553  5.1289706 5.122492  5.1161    5.1097813 5.1035256 5.097327
 5.091182  5.085088  5.079044  5.07305   5.0671053 5.06121   5.0553627
 5.0495605 5.0438023 5.038083  5.032399  5.026746  5.021117  5.015508
 5.0099125 5.004324  4.9987383 4.9931483 4.98755   4.9819384 4.976309
 4.970658  4.9649825 4.9592786 4.9535437 4.9477754 4.9419703 4.9361277
 4.9302444 4.9243183 4.918347  4.9123282 4.9062605 4.900141  4.8939667
 4.8877363 4.881447  4.8750963 4.868682  4.862201  4.8556523 4.849032
 4.8423386 4.8355703 4.828725  4.8218    4.814794  4.8077064 4.800534
 4.5977693 4.353675  4.156271  3.8249657 3.495786  3.2244732 3.0464032
 3.0009665 3.012442  3.0056505 3.00582   3.0215    3.040374  3.062669
 3.0872104 3.1124835 3.1370018 3.1592355 3.178406  3.1938338 3.2048914
 3.2112648 3.2126682 3.2088509 3.1996365 3.1848247 3.1642337 3.137686
 3.1049948 3.0659857 3.0204957 2.968386  2.9095652 2.844017  2.7718437
 2.6933281 2.6090124 2.5197866 2.4269686 2.3323355 2.2380528 2.146462
 2.0597427 1.9795611 1.9068719 1.8419814 1.7848194 1.7352413 1.6932162
 1.6588597 1.6323601 1.613861  1.6033428 1.6005259 1.604818  1.6153145
 1.6308508 1.650096  1.6716675 1.6942428 1.7166538 1.7379497 1.7574267
 1.774631  1.7893394 1.8015311 1.8113551 1.9412667 2.5019698 2.893766
 3.0487704 3.0534947 3.0346572 2.9944437 2.9577684 2.946581  2.9517446
 2.9650028 2.9894218 3.02418   3.0619888 3.104174  3.1547449 3.2135427
 3.27964   3.353765  3.435329  3.52323   3.6165285 3.7144098 3.8166866
 3.9244266 4.040463  4.169721  4.318892  4.494007  4.694479 ]",TTT-L,28
5,14,207,HOME,constantx5b5,,99,,124,,25,2.05456280708313,2.05456280708313,True,"        loc_x     loc_y  ...  wind_angle_ground_dt1  wind_speed_ground_dt1
89   0.197715 -0.057750  ...                    0.0                    0.0
90   0.198591 -0.056854  ...                    0.0                    0.0
91   0.199456 -0.055848  ...                    0.0                    0.0
92   0.200275 -0.054767  ...                    0.0                    0.0
93   0.201033 -0.053622  ...                    0.0                    0.0
94   0.201754 -0.052370  ...                    0.0                    0.0
95   0.202411 -0.051043  ...                    0.0                    0.0
96   0.203002 -0.049632  ...                    0.0                    0.0
97   0.203533 -0.048103  ...                    0.0                    0.0
98   0.203981 -0.046491  ...                    0.0                    0.0
99   0.204335 -0.044819  ...                    0.0                    0.0
100  0.204593 -0.043064  ...                    0.0                    0.0
101  0.204743 -0.041257  ...                    0.0                    0.0
102  0.204782 -0.039410  ...                    0.0                    0.0
103  0.204704 -0.037541  ...                    0.0                    0.0
104  0.204508 -0.035669  ...                    0.0                    0.0
105  0.204196 -0.033808  ...                    0.0                    0.0
106  0.203767 -0.031968  ...                    0.0                    0.0
107  0.203224 -0.030155  ...                    0.0                    0.0
108  0.202567 -0.028377  ...                    0.0                    0.0
109  0.201800 -0.026641  ...                    0.0                    0.0

[21 rows x 63 columns]","[-0.003144111052400256, -0.0029603768407483744, -0.0027943930678661633, -0.0025018116612536556, -0.002169445581013535, -0.0018926411192375647, -0.0015372790560894134, -0.0011686969596934327, -0.0007924421278811267, -0.0003609932802157989, 9.825323709744538e-05, 0.0005841079820757822, 0.0010851383665602676, 0.0015975395394068892, 0.002108299869855307, 0.0026102494216991012, 0.0031003529522923012, 0.0035807714682684066, 0.004052596305457595, 0.004517347763004914, 0.004973293075110213]","[3.6524687 4.1052756 4.413008  4.600098  4.7658577 4.8307395 4.8581567
 4.879956  4.8492618 4.812124  4.7919817 4.7540326 4.6407404 4.524947
 4.4264526 4.286381  4.149342  4.0122013 3.8603535 3.6564906 3.506099
 3.2952423 3.0604556 2.86518   2.683847  2.610608  2.6542823 2.6925192
 2.7128615 2.650664  2.7329283 2.7435293 2.653117  2.5632324 2.495837
 2.5486822 2.5753148 2.5235445 2.745541  2.9689136 3.1841373 3.406543
 3.6846132 4.012511  4.3575745 4.6237054 4.7767563 4.8793273 4.9274106
 4.96219   5.005864  5.0504246 5.1040587 5.125016  5.146542  5.163035
 5.1868453 5.2243643 5.228464  5.226719  5.2228994 5.23661   5.2585707
 5.272192  5.2860665 5.291354  5.295191  5.3120537 5.3317842 5.3426986
 5.3578124 5.36478   5.373278  5.3872294 5.382494  5.3680134 5.3383775
 5.312184  5.2871294 5.2558556 5.223224  5.203216  5.179013  5.15145
 5.100776  5.056163  5.051024  5.02269   4.9725285 4.9410152 4.9193234
 4.8745627 4.8570843 4.853857  4.7960567 4.7541842 4.6909246 4.59306
 4.5142083 4.446774  4.34319   4.257157  4.1596484 4.0597034 3.9613812
 3.8755362 3.8051486 3.742572  3.6819115 3.6214898 3.5607405 3.4988933
 3.4348028 3.3683457 3.2985995 3.225231  3.1467512 3.061274  2.966392
 2.8592105 2.7364554 2.5942686 2.428928  2.2377877 2.0220659 1.792283
 1.5762004 1.4202318 1.3640416 1.4006983 1.4843028 1.5732183 1.648652
 1.7085268 1.7571028 1.798542  1.8347467 1.8657026 1.8905315 1.90824
 1.9180942 1.9198362 1.9137939 1.900848  1.8822995 1.859715  1.8347788
 1.8091431 1.7842708 1.7613125 1.7410486 1.7238976 1.7099676 1.69913
 1.6910942 1.6854731 1.6818339 1.6797371 1.6787623 1.6785259 1.6786926
 1.6789814 1.6791706 1.6790967 1.6786532 1.6777854 1.6764835 1.6747752
 1.6727157 1.6703786 1.6678476 1.665209  1.6625445 1.659927  1.6574167
 1.6550603 1.6528895 1.6509222 1.649164  1.6476094 1.6462457 1.645053
 1.6440085 1.6430874 1.6422645 1.6415164 1.6408217 1.6401625 1.6395236
 1.6388938 1.6382649 1.6376321 1.6369929 1.6363473 1.6356969 1.6350439
 1.6343918 1.6337441 1.6331041 1.6324751 1.6318597 1.6312592 1.6306756
 1.6301091 1.6295596 1.6290269 1.6285098]","[2.9937296 2.6604214 2.8398657 2.9643166 3.0498834 3.1850421 3.2907882
 3.3601093 3.422475  3.4834137 3.5410943 3.573965  3.6420808 3.7488859
 3.8230135 3.914982  4.0394425 4.131103  4.190628  4.3149233 4.414737
 4.5052586 4.713004  4.9315934 5.1592584 5.3142834 5.3652606 5.40349
 5.372796  5.341604  5.2530837 5.1149077 5.015861  4.945169  4.896877
 4.825431  4.716221  4.6621647 4.5524106 4.3563986 4.1537    3.9324136
 3.7490735 3.63416   3.5638208 3.5460162 3.5570905 3.5810962 3.6246905
 3.6573744 3.6894903 3.6921804 3.6774113 3.6740973 3.6717465 3.6888187
 3.6653712 3.6182592 3.5681236 3.541168  3.5411596 3.5001178 3.4192717
 3.297613  3.1767638 3.0657046 2.9761653 2.873665  2.7472916 2.613363
 2.4955888 2.4098415 2.3367875 2.2499392 2.1501608 2.0521476 1.9782734
 1.9071949 1.8380586 1.76499   1.698308  1.6325997 1.5833896 1.552105
 1.5522107 1.5726217 1.593205  1.6231906 1.6689113 1.7147671 1.7586462
 1.8144581 1.8499997 1.8697388 1.9140211 1.9519442 2.0091088 2.1325238
 2.2654786 2.3649251 2.563221  2.7673464 2.9822085 3.0835204 3.1093428
 3.1053116 3.0973175 3.0976822 3.106767  3.1255205 3.1504555 3.1824732
 3.2210462 3.265058  3.3142555 3.3689337 3.429199  3.4949176 3.5655084
 3.640677  3.720451  3.8055737 3.898052  4.0017433 4.122728  4.2687097
 4.4457507 4.651523  4.8697557 5.07506   5.246495  5.376367  5.4689207
 5.5338917 5.5808115 5.616422  5.644471  5.6666136 5.6834517 5.695176
 5.7018337 5.7034883 5.700372  5.692952  5.681918  5.6681385 5.6526017
 5.6363244 5.6202316 5.6050634 5.591338  5.579351  5.5692058 5.560854
 5.554141  5.548849  5.544725  5.5415125 5.538968  5.536872  5.5350366
 5.5333095 5.5315733 5.5297465 5.527776  5.525639  5.523334  5.5208793
 5.518306  5.5156527 5.5129633 5.5102816 5.5076475 5.5050974 5.5026584
 5.5003514 5.498189  5.496176  5.494312  5.4925895 5.4909987 5.489526
 5.488156  5.4868736 5.4856634 5.4845114 5.483405  5.482334  5.48129
 5.4802647 5.4792547 5.4782567 5.4772677 5.476289  5.475319  5.474359
 5.473411  5.472475  5.471553  5.470645  5.4697523 5.468875  5.4680133
 5.467167  5.466335  5.465517  5.464712 ]",TTT-L,25
6,33,204,HOME,constantx5b5,,167,,197,,30,2.05456280708313,2.05456280708313,True,"        loc_x     loc_y  ...  wind_angle_ground_dt1  wind_speed_ground_dt1
157  0.046564 -0.036920  ...                    0.0                    0.0
158  0.047338 -0.036426  ...                    0.0                    0.0
159  0.048117 -0.035858  ...                    0.0                    0.0
160  0.048895 -0.035212  ...                    0.0                    0.0
161  0.049663 -0.034488  ...                    0.0                    0.0
162  0.050558 -0.033532  ...                    0.0                    0.0
163  0.051387 -0.032526  ...                    0.0                    0.0
164  0.052218 -0.031378  ...                    0.0                    0.0
165  0.052984 -0.030167  ...                    0.0                    0.0
166  0.053671 -0.028913  ...                    0.0                    0.0
167  0.054285 -0.027602  ...                    0.0                    0.0
168  0.054888 -0.026074  ...                    0.0                    0.0
169  0.055421 -0.024426  ...                    0.0                    0.0
170  0.055862 -0.022700  ...                    0.0                    0.0
171  0.056203 -0.020909  ...                    0.0                    0.0
172  0.056433 -0.019085  ...                    0.0                    0.0
173  0.056549 -0.017252  ...                    0.0                    0.0
174  0.056550 -0.015414  ...                    0.0                    0.0
175  0.056436 -0.013576  ...                    0.0                    0.0
176  0.056207 -0.011749  ...                    0.0                    0.0
177  0.055864 -0.009937  ...                    0.0                    0.0

[21 rows x 63 columns]","[-0.0016512780788001044, -0.0015319955246700587, -0.0013910987783821022, -0.0012289727904914866, -0.001046270255682831, -0.001016093697549618, -0.0007447798602006409, -0.0005234703524065534, -0.00024726537831139955, 3.4381829438004385e-05, 0.00031835765292712037, 0.0006686429889549497, 0.001006218258546021, 0.0013318707676299862, 0.0016600793102913847, 0.0019664132528034867, 0.0022538283331099626, 0.0025459007114740986, 0.002835377871477883, 0.003119568586282713, 0.0034038013480175086]","[3.8369632 4.3133893 4.6906066 4.8962145 5.0882897 5.1971574 5.2361884
 5.221733  5.216423  5.2191024 5.179869  5.1496716 5.0605836 4.940043
 4.865368  4.7643614 4.6731787 4.5713806 4.449279  4.328767  4.214611
 4.1030602 3.9928703 3.8822236 3.7692823 3.651224  3.5298889 3.4061427
 3.2830226 3.1661584 3.0613153 2.9730825 2.902514  2.8470855 2.8026216
 2.765059  2.7316768 2.7011528 2.673219  2.648111  2.6261408 2.607459
 2.591946  2.579133  2.5681727 2.5578663 2.546778  2.5334027 2.5163481
 2.4945047 2.4671862 2.434227  2.3960204 2.3534853 2.3079576 2.261017
 2.2142813 2.1692078 2.1269445 2.088255  2.0535188 2.0227888 1.9958742
 1.9724228 1.9519916 1.9340962 1.9182448 1.9039583 1.8907865 1.8783205
 1.8662049 1.8541479 1.8419312 1.8294139 1.816533  1.8032991 1.7897865
 1.7761183 1.7624505 1.7489547 1.7358003 1.7231423 1.711109  1.699797
 1.6892674 1.6795467 1.6706307 1.6624887 1.6550697 1.6483095 1.6421348
 1.6364706 1.6312436 1.6263852 1.6218355 1.6175431 1.6134671 1.6095756
 1.6058464 1.6070645 1.6672392 1.8421308 2.1099615 2.3074331 2.0717542
 2.3754692 2.9423416 3.3254375 3.6071453 3.9575756 4.2934227 4.531935
 4.7110815 4.8352313 4.917951  4.9784174 5.02433   5.065196  5.100075
 5.132482  5.162703  5.190897  5.2174807 5.242222  5.2652726 5.2863617
 5.305531  5.32256   5.33738   5.3498874 5.3599977 5.3677087 5.373045
 5.3761306 5.3771687 5.3764806 5.3745084 5.371833  5.369168  5.3673234
 5.3671074 5.3691425 5.3736057 5.3799706 5.386908  5.3925185 5.394858
 5.392512  5.384888  5.3721404 5.354893  5.333978  5.3102803 5.2846637
 5.2579384 5.230833  5.203975  5.1778655 5.1528625 5.129168  5.106828
 5.085752  4.8669124 4.839586  4.7637696 4.7978864 4.801501  4.7791924
 4.5904655 4.477981  4.4049864 4.289239  4.1971335 4.134478  4.0711546
 4.014228  3.9665406 3.9172497 3.867369  3.818661  3.7666943 3.7138336
 3.6613827 3.6084464 3.5542789 3.4976609 3.437692  3.3723128 3.2995822
 3.216845  3.1209502 3.008656  2.8765352 2.7216206 2.542282  2.3405304
 2.1265492 1.9254693 1.7781906 1.7186878 1.7400191 1.8014644 1.866053
 1.9176694]","[2.926036  2.5956748 2.6748912 2.7150195 2.9233043 3.2277768 3.4852085
 3.7429903 3.9917169 4.1526    4.2595277 4.3128023 4.3786726 4.533836
 4.674249  4.7940407 4.90646   4.9952574 5.0615726 5.1183443 5.1716123
 5.217301  5.2556086 5.287627  5.315332  5.3395996 5.3631573 5.3892727
 5.4204106 5.459369  5.506812  5.5610256 5.617864  5.672074  5.71955
 5.7583537 5.788737  5.812275  5.830981  5.8466687 5.860698  5.873991
 5.8871226 5.9003696 5.913706  5.926789  5.9389706 5.94936   5.95693
 5.9606724 5.9597607 5.9537063 5.9424615 5.9264474 5.906501  5.883749
 5.8594456 5.8347974 5.8108277 5.7882967 5.767682  5.7492013 5.7328596
 5.7185063 5.7058907 5.6947    5.6846013 5.675262  5.666373  5.657658
 5.6488857 5.639872  5.6304903 5.620664  5.610372  5.599641  5.58854
 5.577168  5.565645  5.554101  5.542662  5.531445  5.5205493 5.5100517
 5.500008  5.4904504 5.4813914 5.472828  5.464742  5.457108  5.4498925
 5.4430614 5.43658   5.430415  5.424537  5.418921  5.413544  5.4083905
 5.403448  5.3119144 5.1123576 4.8349695 4.5140467 4.2265377 4.309304
 4.1619487 3.8495622 3.5701041 3.2816935 3.1326754 3.131831  3.1199224
 3.1390607 3.1760411 3.2100618 3.244248  3.2779748 3.313826  3.3470678
 3.3789887 3.4081278 3.4335914 3.4550552 3.4715724 3.482844  3.4882236
 3.48733   3.479619  3.464673  3.4420626 3.4113688 3.3722515 3.3243837
 3.2675261 3.201513  3.126301  3.042025  2.949087  2.848281  2.7409523
 2.6291387 2.5156093 2.4036639 2.296593  2.1968877 2.105579  2.0221632
 1.9452146 1.8732837 1.8055774 1.7422067 1.6840965 1.6327229 1.5897843
 1.556868  1.5351523 1.5251759 1.5267024 1.5387044 1.5594712 1.5868216
 1.618372  1.8309311 1.8692638 2.0082068 1.9802971 1.9480501 1.9198049
 2.2832782 2.7418408 2.9997764 3.0773757 3.07418   3.0654547 3.034863
 3.016553  3.0147245 3.0194318 3.0325515 3.0569224 3.088564  3.1239781
 3.1647863 3.2134116 3.2691073 3.3318875 3.4020138 3.478842  3.5614915
 3.6489644 3.7401803 3.8344038 3.931698  4.0334067 4.1427035 4.265056
 4.4079885 4.5786824 4.777399  4.989698  5.188979  5.3519487 5.4703856
 5.550075 ]",TTT-L,30
7,76,196,HOME,constantx5b5,,135,,188,,53,2.05456280708313,2.05456280708313,True,"        loc_x     loc_y  ...  wind_angle_ground_dt1  wind_speed_ground_dt1
125  0.097106 -0.047629  ...                    0.0                    0.0
126  0.097806 -0.047200  ...                    0.0                    0.0
127  0.098518 -0.046700  ...                    0.0                    0.0
128  0.099235 -0.046125  ...                    0.0                    0.0
129  0.099952 -0.045473  ...                    0.0                    0.0
130  0.100661 -0.044742  ...                    0.0                    0.0
131  0.101353 -0.043931  ...                    0.0                    0.0
132  0.102062 -0.042988  ...                    0.0                    0.0
133  0.102736 -0.041962  ...                    0.0                    0.0
134  0.103392 -0.040813  ...                    0.0                    0.0
135  0.104055 -0.039459  ...                    0.0                    0.0
136  0.104681 -0.037949  ...                    0.0                    0.0
137  0.105208 -0.036414  ...                    0.0                    0.0
138  0.105664 -0.034748  ...                    0.0                    0.0
139  0.106029 -0.032995  ...                    0.0                    0.0
140  0.106285 -0.031206  ...                    0.0                    0.0
141  0.106432 -0.029377  ...                    0.0                    0.0
142  0.106465 -0.027528  ...                    0.0                    0.0
143  0.106382 -0.025685  ...                    0.0                    0.0
144  0.106184 -0.023849  ...                    0.0                    0.0
145  0.105871 -0.022026  ...                    0.0                    0.0

[21 rows x 63 columns]","[-0.0022642238810834797, -0.0022098771681688945, -0.002130984185651219, -0.002026443067527084, -0.001894040827384591, -0.0017320488346846824, -0.001541568148211575, -0.0014040163111815607, -0.0011478569604484595, -0.0009018119812603809, -0.0006516432989542992, -0.00030982752975701466, 8.283303161195354e-05, 0.000499663860416763, 0.0009357697564907341, 0.0013612099295626234, 0.001799211981083279, 0.002229304036757071, 0.002638035594342558, 0.003046350969281436, 0.0034565289345227235]","[4.558482  4.98031   5.191707  5.4734    5.56801   5.550783  5.51664
 5.5169683 5.5321145 5.564046  5.603976  5.646295  5.6825805 5.700896
 5.709473  5.691678  5.701752  5.7038927 5.6817136 5.666886  5.6511655
 5.634193  5.613913  5.59292   5.5716805 5.5513406 5.5301695 5.510005
 5.491623  5.4748554 5.4597607 5.447097  5.4368    5.366147  5.342281
 5.352593  5.382814  5.408133  5.41555   5.3666177 5.344627  5.410963
 5.3927665 5.375568  5.3853493 5.302796  5.259068  5.183184  5.124086
 5.1130853 5.0916963 5.064543  5.028654  4.8565707 4.7940493 4.76489
 4.7698936 4.736464  4.742299  4.6289144 4.542535  4.4640336 4.3112984
 4.099422  3.8234103 3.6219623 3.3374906 2.9892292 2.7822044 2.6358001
 2.6247673 2.5849345 2.5735648 2.867599  3.0424337 3.153017  3.314663
 3.3578885 3.4818356 3.8661087 4.0245395 4.359881  4.670106  4.7672725
 4.835223  4.9544353 5.0458164 5.089558  5.137396  5.1733556 5.206401
 5.235588  5.260449  5.285283  5.3068137 5.3263726 5.343564  5.358348
 5.3703227 5.3798027 5.3866563 5.391022  5.393306  5.393745  5.3930197
 5.391844  5.3911614 5.392067  5.39562   5.4025817 5.412995  5.425791
 5.4387684 5.4491267 5.454369  5.4530387 5.4448504 5.4303484 5.3752737
 5.3724794 5.3609295 5.325646  5.2933965 5.2652183 5.235307  5.2018776
 5.168677  5.1366715 5.1075034 5.07891   5.052629  5.028419  4.9305663
 4.8927317 4.815442  4.6663146 4.554019  4.549492  4.428424  4.34275
 4.281435  4.176666  4.0805507 4.0244436 3.9693346 3.9159818 3.8706887
 3.823507  3.775519  3.7311063 3.6861968 3.6405609 3.594793  3.548228
 3.4985795 3.4433692 3.380324  3.3060274 3.2173784 3.1113756 2.9857438
 2.8398304 2.6757329 2.5006647 2.3307524 2.1929832 2.1147926 2.1009402
 2.127722  2.165543  2.1974118 2.219641  2.2351491 2.2477396 2.2595003
 2.2706566 2.280351  2.2872858 2.2900395 2.2872922 2.2780902 2.2620401
 2.2393446 2.2107463 2.1774485 2.1410148 2.103208  2.0657692 2.030203
 1.9976311 1.9687357 1.9437827 1.9226984 1.9051682 1.8907331 1.8788654]","[3.6992998 3.603069  3.646583  3.6522815 3.5976238 3.4006002 3.2533069
 3.111438  2.951135  2.81433   2.7094052 2.6253798 2.5592792 2.4903176
 2.4233477 2.3874621 2.3228338 2.2539375 2.1689935 2.098381  2.0376668
 1.9916306 1.9563278 1.9339    1.9236653 1.927555  1.9432657 1.9709164
 2.0115974 2.064407  2.1285164 2.2031631 2.287176  2.403461  2.5332
 2.6637666 2.7894797 2.902589  2.9996881 3.1014018 3.2072494 3.2713199
 3.3213499 3.378154  3.3943684 3.4100804 3.4548194 3.488964  3.5463717
 3.5676503 3.5667982 3.564     3.5429487 3.5688329 3.6196475 3.5926929
 3.558952  3.505528  3.4353967 3.3576138 3.3128445 3.2459059 3.220943
 3.2418368 3.3422894 3.3832765 3.4208417 3.6767073 3.7210507 3.7104664
 3.7927608 3.8200064 3.8723087 3.8405485 3.6884372 3.54167   3.376598
 3.2724972 3.215773  3.1783352 3.1887429 3.2260172 3.2955885 3.3426986
 3.3922844 3.4482553 3.4887712 3.4925385 3.519065  3.5456781 3.5672538
 3.5843985 3.5969312 3.606059  3.6078668 3.603472  3.591871  3.5722792
 3.5441725 3.5072138 3.4609065 3.404975  3.3392837 3.2636235 3.1782548
 3.0836153 2.9806848 2.8712013 2.7577448 2.6437957 2.5332644 2.4295166
 2.3342252 2.2467344 2.1645527 2.0846846 2.0048757 1.9242333 1.8833913
 1.8084548 1.72898   1.6383209 1.5645565 1.5049186 1.4631792 1.4320385
 1.4174156 1.4158193 1.4285929 1.4519318 1.4839298 1.5219511 1.574516
 1.6328741 1.7159116 1.9760158 2.3646014 2.3936255 2.5748777 2.8685079
 3.0508907 3.0936697 3.0788321 3.0809734 3.0746298 3.077976  3.098276
 3.127428  3.1620226 3.2061288 3.2617898 3.3254273 3.397212  3.4796808
 3.5718048 3.6722026 3.7797976 3.892849  4.009542  4.1286764 4.249982
 4.3745084 4.504936  4.6454587 4.800998  4.97397   5.158003  5.3351283
 5.4846697 5.595882  5.670993  5.7198076 5.7530484 5.7785683 5.800734
 5.821331  5.840602  5.857993  5.872633  5.8836    5.8900795 5.891491
 5.887585  5.8785105 5.864832  5.8475094 5.827774  5.80694   5.7862086
 5.7665424 5.748609  5.732777  5.7191586 5.7076654 5.6980762 5.6900926]",TTT-L,53
8,22,193,HOME,constantx5b5,,84,,101,,17,2.05456280708313,2.05456280708313,False,"       loc_x     loc_y  ...  wind_angle_ground_dt1  wind_speed_ground_dt1
74  0.217585  0.053991  ...                    0.0                    0.0
75  0.217485  0.053568  ...                    0.0                    0.0
76  0.217358  0.053138  ...                    0.0                    0.0
77  0.217204  0.052703  ...                    0.0                    0.0
78  0.217018  0.052254  ...                    0.0                    0.0
79  0.216780  0.051759  ...                    0.0                    0.0
80  0.216480  0.051217  ...                    0.0                    0.0
81  0.216033  0.050511  ...                    0.0                    0.0
82  0.215417  0.049660  ...                    0.0                    0.0
83  0.214631  0.048702  ...                    0.0                    0.0
84  0.213656  0.047657  ...                    0.0                    0.0
85  0.212492  0.046554  ...                    0.0                    0.0
86  0.211182  0.045460  ...                    0.0                    0.0
87  0.209739  0.044401  ...                    0.0                    0.0
88  0.208199  0.043412  ...                    0.0                    0.0
89  0.206569  0.042505  ...                    0.0                    0.0
90  0.204845  0.041681  ...                    0.0                    0.0
91  0.203046  0.040957  ...                    0.0                    0.0
92  0.201191  0.040341  ...                    0.0                    0.0
93  0.199289  0.039841  ...                    0.0                    0.0
94  0.197353  0.039458  ...                    0.0                    0.0

[21 rows x 63 columns]","[0.0007829453195300207, 0.000995142014610928, 0.001129066799655798, 0.0012617185788710295, 0.0014325738354176165, 0.0017352191888000967, 0.0020824508577534095, 0.0029868827523120423, 0.003959936678310377, 0.0049014387275228555, 0.00590207629132769, 0.006871066924064723, 0.0075651369321766415, 0.008160012634191305, 0.008552545369848036, 0.008898873245199307, 0.009272499055067163, 0.009534667757258863, 0.00970162763499649, 0.009814306609150503, 0.009866285410228826]","[3.7590258 4.212511  4.657006  4.9087505 5.1680713 5.331061  5.4284987
 5.5060053 5.568758  5.5682554 5.544064  5.5178056 5.488033  5.4657655
 5.454303  5.4213867 5.3777423 5.316967  5.270009  5.232422  5.2149715
 5.146501  5.0974    5.07298   5.0676136 5.0123906 4.977862  4.9295135
 4.8957424 4.8405967 4.8013086 4.7242093 4.6579247 4.580933  4.5032077
 4.4470186 4.370302  4.3034434 4.2529764 4.187429  4.066669  3.9654503
 3.9123542 3.846351  3.739279  3.6672552 3.5612934 3.520914  3.5471964
 3.5721612 3.6214745 3.7562118 3.9298363 4.15575   4.3627496 4.504439
 4.6097536 4.670075  4.704669  4.738715  4.818167  4.8718224 4.921958
 4.9256387 4.9007173 4.941619  4.9840865 5.019274  5.064436  5.09608
 5.141068  5.1787424 5.2007937 5.2269444 5.2404833 5.2535405 5.2472987
 5.227945  5.1865525 5.149921  5.117492  5.0882797 5.055132  5.005186
 4.9114027 4.8176403 4.725267  4.6262255 4.488849  4.342842  4.2412558
 4.2233734 4.1900764 4.0710526 3.88289   3.6681027 3.436999  3.1972334
 2.9255092 2.622838  2.3088913 1.9936295 1.7038248 1.4681575 1.3027062
 1.2052016 1.1767626 1.1867065 1.221055  1.2573001 1.3952231 1.4365354
 1.4280881 1.4318467 1.4930136 1.5559275 1.5989403 1.6346724 1.7050134
 1.8577956 1.7636102 1.7658074 1.8705947 1.9371302 1.9348218 1.9825871
 2.0889359 2.1443274 2.116025  2.0578327 2.0018704 1.924442  1.8200492
 1.707867  1.6009582 1.5045173 1.4353117 1.3742113 1.3345274 1.3337905
 1.3458858 1.3833339 1.425997  1.4639077 1.4965581 1.5163019 1.5477276
 1.665059  1.81067   2.1362348 2.2970214 2.6053114 2.4377124 2.4215038
 2.4132733 2.4855957 2.5456314 2.673022  2.949931  3.1560946 3.234439
 3.2337613 3.212238  3.1641812 3.0811293 2.9453924 2.7753844 2.5787945
 2.348658  2.1134148 1.8691365 1.6429807 1.5192796 1.3501172 1.2822762
 1.2475511 1.286679  1.7187387 1.9647005 2.1461072 1.967954  1.8332291
 2.5442667 3.013535  3.292017  2.9452877 2.7294903 2.9021144 3.0722692
 3.1007442 3.086329  3.084595  3.0331457]","[3.2739084 3.2807338 3.553819  3.7017841 3.8074906 3.908636  3.9190516
 3.883136  3.855786  3.8687742 3.9159422 3.9636717 4.0085196 4.0343285
 4.0160413 3.970407  3.9311547 3.9073257 3.8983142 3.8885777 3.867709
 3.8492887 3.8476012 3.8210287 3.7749577 3.7341197 3.7070782 3.6673596
 3.632991  3.597487  3.564526  3.525312  3.4951048 3.4564593 3.42158
 3.3691826 3.3081467 3.2451353 3.157953  3.0669563 2.9856453 2.9017658
 2.8021362 2.7107165 2.634129  2.5703864 2.5346017 2.532581  2.545635
 2.5872946 2.6274242 2.6855116 2.7611055 2.8494637 2.9434178 3.0324185
 3.1162007 3.2016492 3.2894464 3.3807366 3.448424  3.5079057 3.5460339
 3.6412618 3.8031795 3.9502594 4.063665  4.122765  4.187008  4.2830973
 4.352988  4.432054  4.483422  4.5762863 4.6478167 4.7397757 4.7796655
 4.7768674 4.7662077 4.793484  4.830432  4.9639587 5.112924  5.2196536
 5.289744  5.395968  5.485896  5.5541015 5.5295596 5.4741893 5.557155
 5.774306  5.9246273 5.964622  5.9326863 5.866199  5.7793818 5.6803946
 5.564884  5.4423604 5.3215027 5.2110896 5.1238756 5.0637393 5.0317717
 5.008391  5.0242534 5.054083  5.1082196 5.1283574 4.99011   4.97185
 5.0404606 5.1643214 5.2486744 5.3310323 5.3900924 5.314062  5.161675
 4.9246526 4.87255   4.9533353 4.899328  4.8590837 5.0414753 5.2084346
 5.3263917 5.3983545 5.3994417 5.3878098 5.3762536 5.3466287 5.3155417
 5.2809525 5.2512846 5.2263083 5.216652  5.109542  5.080744  5.0561137
 5.0964317 5.1728134 5.2349977 5.292062  5.3260174 5.3369713 5.224298
 5.005487  4.7642574 4.4690123 4.212429  3.997388  3.9745138 3.9729252
 3.9925272 4.036812  4.2260003 4.6078067 4.98194   5.2323065 5.3634944
 5.42006   5.472595  5.4833937 5.4843626 5.4457965 5.391235  5.3234468
 5.2389007 5.1646795 5.080908  5.0158644 4.6485972 4.6384115 4.7934756
 4.7739234 4.9031878 4.5593967 4.2210493 4.054188  4.1275873 4.25886
 4.0047216 3.669456  3.399112  3.5850332 4.103358  4.625397  4.9855957
 5.109933  5.189697  5.2492266 5.2653317]",TTT-NL,17
0,82,126,OOB,constantx5b5,13,,49,,36,,2.05456280708313,2.05456280708313,True,"       loc_x     loc_y  ...  wind_angle_ground_dt1  wind_speed_ground_dt1
3   0.084645  0.037012  ...                    0.0                    0.0
4   0.084908  0.037184  ...                    0.0                    0.0
5   0.085195  0.037400  ...                    0.0                    0.0
6   0.085442  0.037611  ...                    0.0                    0.0
7   0.085678  0.037840  ...                    0.0                    0.0
8   0.085875  0.038055  ...                    0.0                    0.0
9   0.086053  0.038278  ...                    0.0                    0.0
10  0.086191  0.038474  ...                    0.0                    0.0
11  0.086326  0.038694  ...                    0.0                    0.0
12  0.086470  0.038966  ...                    0.0                    0.0
13  0.086598  0.039249  ...                    0.0                    0.0
14  0.086716  0.039561  ...                    0.0                    0.0
15  0.086819  0.039895  ...                    0.0                    0.0
16  0.086894  0.040208  ...                    0.0                    0.0
17  0.086948  0.040513  ...                    0.0                    0.0
18  0.086983  0.040830  ...                    0.0                    0.0
19  0.086998  0.041148  ...                    0.0                    0.0
20  0.086993  0.041480  ...                    0.0                    0.0
21  0.086965  0.041838  ...                    0.0                    0.0
22  0.086911  0.042220  ...                    0.0                    0.0
23  0.086827  0.042629  ...                    0.0                    0.0

[21 rows x 63 columns]","[-0.0011133743618976094, -0.0015486754770300398, -0.0017466350431620536, -0.001555173604493379, -0.0015435485147155537, -0.0013347977550367401, -0.0012691449306428265, -0.001028367420437895, -0.0010613156095150983, -0.0012188049890431152, -0.001162873080652188, -0.0011837382709154604, -0.00116441643777776, -0.0009957263933148275, -0.0008839493400045195, -0.0008316465498448, -0.0007466070519736301, -0.0006895035502865743, -0.0006464725799840837, -0.0005881889726680467, -0.0005179177826519776]","[4.2919416 4.6910176 4.8995976 5.196378  5.402936  5.4625072 5.5247974
 5.561078  5.6740375 5.715855  5.7347593 5.7221723 5.5803137 5.5311785
 5.542109  5.5186467 5.5385585 5.54209   5.509885  5.5211916 5.5375295
 5.5133486 5.476988  5.4356465 5.3914533 5.3496714 5.3093424 5.267462
 5.225467  5.183703  5.140718  5.0969076 5.051934  5.005407  4.957279
 4.907345  4.8555093 4.801747  4.746015  4.5951715 4.483916  4.393064
 4.312725  4.237987  4.2549853 4.2490244 4.221326  4.2013545 4.182292
 4.175341  4.1962137 4.2461405 4.3264914 4.4278727 4.5339265 4.6319027
 4.7148576 4.782648  4.8393235 4.8885536 4.9329586 4.9743032 5.013381
 5.0506673 5.086424  5.120743  5.1536574 5.185136  5.215089  5.243394
 5.269896  5.294417  5.316771  5.336776  5.354266  5.3691115 5.3812294
 5.3906016 5.3972936 5.4014688 5.4034114 5.40355   5.4024825 5.4009933
 5.400054  5.4007626 5.404182  5.4110365 5.421286  5.4337683 5.446212
 5.4558234 5.460202  5.458018  5.449085  5.433988  5.413652  5.3890724
 5.361204  5.3309145 5.298975  5.266072  5.2328343 5.1998506 5.16766
 5.136732  5.107427  5.0799623 5.0543885 5.030597  5.0083437 4.987304
 4.9671264 4.947482  4.9281034 4.908799  4.8894587 4.870044  4.8505774
 4.8311305 4.811809  4.792745  4.7740855 4.755983  4.738587  4.722032 ]","[2.9375367 2.553986  2.4739265 2.3616874 2.436752  2.687785  2.9133894
 3.101211  3.2552152 3.4239159 3.5010285 3.5611339 3.7721229 3.9780273
 4.059737  4.093873  4.0871077 4.002607  3.9097142 3.8392954 3.7605035
 3.692931  3.6420789 3.5994525 3.5667255 3.5389304 3.5144153 3.488112
 3.459159  3.429553  3.398077  3.3638506 3.3263094 3.2844112 3.237578
 3.1849306 3.1257756 3.0596285 2.9859202 2.9154143 2.8567042 2.7690227
 2.6891515 2.5878098 2.4729955 2.3518133 2.2421474 2.1401937 2.0715086
 2.0324047 2.0387907 2.0952382 2.1954312 2.3277943 2.4748847 2.620182
 2.7533038 2.8710537 2.9747968 3.0661845 3.1470265 3.2190092 3.2832322
 3.3406725 3.3920586 3.4378414 3.478283  3.5134265 3.5431426 3.5671685
 3.585136  3.596605  3.6010962 3.5981126 3.5871627 3.5677767 3.5395186
 3.5019996 3.454886  3.3979146 3.3309188 3.2538726 3.16697   3.0707505
 2.966276  2.8553462 2.7406657 2.6257973 2.5146759 2.4106064 2.3151064
 2.2273698 2.1448655 2.0646796 1.9847193 1.9042478 1.8238467 1.7450913
 1.6701413 1.601358  1.5410134 1.4911082 1.4532616 1.4286066 1.4176576
 1.4201696 1.4350587 1.4604467 1.4938495 1.5324717 1.5735301 1.6145352
 1.6534798 1.6889249 1.7199954 1.7463161 1.7679162 1.7851295 1.7985034
 1.8087251 1.8165661 1.8228402 1.8283719 1.8339685 1.8403909 1.8483198]",TTL,36
